Date,0669.HK,2285.HK
2015-01-01,61.71430083390588,83.3646822996848
2015-01-02,61.84532259242553,81.95787608136192
2015-01-05,62.61107396365589,82.24707959236402
2015-01-06,63.32767098444964,86.07237427366876
2015-01-07,61.06563317027626,84.50416097374347
2015-01-08,60.51259414485623,85.12113622640923
2015-01-09,62.91771608365063,85.50644900257144
2015-01-12,61.87790610957275,83.7052084521731
2015-01-13,59.971208279320756,84.25962955203934
2015-01-14,61.46473349207628,84.80399136291541
2015-01-15,62.524921679163846,85.8007033346183
2015-01-16,60.913412963578054,86.59153304809551
2015-01-19,60.86427275819411,84.99819235062131
2015-01-20,61.38779829048802,87.55961653105582
2015-01-21,63.06075155290463,89.27376729202444
2015-01-22,61.807201035101386,91.24787152023121
2015-01-23,62.23186026243093,91.27476559824723
2015-01-26,64.33714988530207,91.22701921890672
2015-01-27,64.28705247371096,93.42218386529534
2015-01-28,64.00601597560625,92.02390407986971
2015-01-29,63.51795059121181,91.11541483993852
2015-01-30,65.54483730122656,88.04340055352334
2015-02-02,66.66857667628409,87.50985360122672
2015-02-03,67.88900226331968,89.29401423806198
2015-02-04,68.3749491142618,88.12148486000076
2015-02-05,67.6993324860614,86.35941023251922
2015-02-06,69.66882911678024,87.16460107075594
2015-02-09,68.29300710005379,86.05070916752031
2015-02-10,69.79923928190836,84.62519592420395
2015-02-11,70.07687373732156,87.47567600429528
2015-02-12,68.9525451256495,87.20130491978115
2015-02-13,69.36133237204841,86.86000060067603
2015-02-16,70.13768862579595,84.02793329366006
2015-02-17,72.00650345241385,84.67797513048117
2015-02-18,71.14248835685092,83.20251210344563
2015-02-19,70.74095416606258,81.87668323801016
2015-02-20,70.15876366095645,83.7725395444703
2015-02-23,71.54104261113719,82.99912483205443
2015-02-24,72.23764043745634,83.0586021885305
2015-02-25,71.9668753566366,86.60481862656867
2015-02-26,71.66269407202424,86.12141672272897
2015-02-27,72.68570838446833,85.83770633569551
2015-03-02,73.19302337667332,85.45314982764943
2015-03-03,72.77092338944303,86.14978652585137
2015-03-04,71.36595566878495,83.99982946786282
2015-03-05,72.42825052944187,82.0591894944961
2015-03-06,72.6818879190908,80.49387309162341
2015-03-09,71.4304684558626,82.29350466346209
2015-03-10,73.166002191596,80.71406150324994
2015-03-11,71.11831465151626,81.23191174520109
2015-03-12,69.38612772650853,79.41432844912052
2015-03-13,69.3589162607896,81.40738177564597
2015-03-16,69.67060526884912,82.39321988573924
2015-03-17,70.68800828722559,83.45193284471843
2015-03-18,70.76631958116957,83.72476574659773
2015-03-19,70.61333796451056,85.67430417949085
2015-03-20,70.98552333654659,86.54948038184818
2015-03-23,71.1842242099989,86.90253633336434
2015-03-24,72.10157698294552,87.6559419305416
2015-03-25,72.28888101226747,87.51248307133523
2015-03-26,75.27346695879486,85.44667085663703
2015-03-27,75.35811048335448,85.81613668126079
2015-03-30,75.84810906087088,87.29541605027187
2015-03-31,75.10852340798633,87.80515604702373
2015-04-01,71.85796060463188,88.40144977283283
2015-04-02,74.25746645152869,87.47759770492472
2015-04-03,73.6718106417458,87.12622852542401
2015-04-06,72.5138916304604,87.36571385280361
2015-04-07,73.01779889566646,86.31619483276691
2015-04-08,75.2867931357273,88.52475771556115
2015-04-09,77.8195495520399,90.19116778705578
2015-04-10,76.12177356726119,88.64558627974039
2015-04-13,75.98536954543096,87.07313985820491
2015-04-14,76.77942234972417,87.20248691192401
2015-04-15,79.84617468612319,89.05817078667835
2015-04-16,80.20964120667986,90.39474128083302
2015-04-17,80.30385881140425,88.96299203336137
2015-04-20,78.54510578852278,89.55582850724888
2015-04-21,77.81835616496407,90.18328396364828
2015-04-22,76.21139276734522,90.96694223450801
2015-04-23,78.25039313138477,90.97677613025687
2015-04-24,79.03642893608169,89.74965578406504
2015-04-27,76.10566088315953,87.37581419888441
2015-04-28,77.52475818540654,87.68586840553725
2015-04-29,77.10362558203913,90.15320602946747
2015-04-30,79.326818319259,89.71308600309082
2015-05-01,78.145765253841,90.87323268686421
2015-05-04,75.8839896240203,90.4787304817937
2015-05-05,77.62668994014959,89.50103385138596
2015-05-06,78.82252022266323,89.27454285049221
2015-05-07,78.07258601409247,87.23186767256216
2015-05-08,77.77379729817618,86.70918330424664
2015-05-11,77.9799471747873,86.54205919003944
2015-05-12,77.93120226229738,86.3201987805295
2015-05-13,75.77393418874195,87.54873278491789
2015-05-14,75.62379701158879,86.11233304292959
2015-05-15,75.66709966917675,86.89320906838513
2015-05-18,75.47465553257258,88.90204053268837
2015-05-19,77.94403813808188,88.99953617304934
2015-05-20,78.84841553652186,88.80296909604407
2015-05-21,80.6670823793229,89.40602327799233
2015-05-22,79.83018846891406,90.11323723596566
2015-05-25,79.24103659890845,90.89810881553905
2015-05-26,79.47074530066217,89.62560927640827
2015-05-27,76.8629414734255,89.62697027961234
2015-05-28,76.24204365412469,88.6882408725457
2015-05-29,74.5816523559229,90.04185356437581
2015-06-01,74.49339231204917,90.37903219555457
2015-06-02,74.58966836262714,89.96091198875244
2015-06-03,74.69184177151391,90.08489891273854
2015-06-04,74.61350478719785,89.72347981606083
2015-06-05,74.87119996646291,93.63582463987944
2015-06-08,74.54888627604147,92.86080191920213
2015-06-09,75.12481763907715,95.01881920900553
2015-06-10,76.13510007324828,93.18881144202376
2015-06-11,76.07822914840943,90.74856716669872
2015-06-12,74.80225246010109,91.81957105821226
2015-06-15,75.0204696938302,92.72180314386964
2015-06-16,74.22107847999307,92.23901439141062
2015-06-17,75.98309044403472,92.14562670015657
2015-06-18,76.48872791066218,89.63357080509607
2015-06-19,76.63720594805508,88.92252907268589
2015-06-22,75.44049714259653,89.88870994381337
2015-06-23,74.1045310334001,89.78579429759677
2015-06-24,74.21110149150431,90.93142368301893
2015-06-25,76.11916848633409,91.92397065692535
2015-06-26,75.26723021956478,92.65136736631392
2015-06-29,77.93565647359253,92.64561734855263
2015-06-30,77.53681821259899,93.08770693238284
2015-07-01,77.84368152816283,93.73079802068335
2015-07-02,79.31405290424216,94.71412443026261
2015-07-03,79.4718950191631,93.71289524116838
2015-07-06,80.10344866648889,93.32670485148584
2015-07-07,78.2793876087507,92.37100754214387
2015-07-08,77.5361013368972,92.17323211970383
2015-07-09,78.7158374571486,91.93092600436566
2015-07-10,78.42901979866741,91.60579297308156
2015-07-13,80.74556237877853,91.37877106300138
2015-07-14,80.38424106346716,91.40021075391174
2015-07-15,82.31283231134061,90.22473961377652
2015-07-16,80.42780595719026,92.39787943946804
2015-07-17,81.22995287272482,91.09212638307348
2015-07-20,80.76348712277468,92.4714186806811
2015-07-21,80.33204366020443,91.13208739339005
2015-07-22,81.77613460890673,92.49824223708956
2015-07-23,81.58609692737538,91.37934646794226
2015-07-24,80.70093912973643,93.83517859890958
2015-07-27,81.09118619973397,90.14203488286773
2015-07-28,79.51594232731709,88.52856962760525
2015-07-29,80.73372050651894,90.30028881227642
2015-07-30,81.29585745720239,90.23526432066684
2015-07-31,81.33909631388228,88.09477635046544
2015-08-03,81.17384902893241,84.9845711504152
2015-08-04,82.08578130532074,87.05202565903159
2015-08-05,79.30616868677112,87.28860726708562
2015-08-06,79.1248231325803,88.75313939522024
2015-08-07,79.783308582827,89.48588594956652
2015-08-10,81.09805585623275,87.34606911595526
2015-08-11,80.07004986473756,83.40991936682536
2015-08-12,79.36228410056565,82.62482226265216
2015-08-13,80.94022094753247,83.34943489572879
2015-08-14,81.1983690542466,81.10482355695527
2015-08-17,80.38692246304582,81.06025078321271
2015-08-18,79.41078404541965,81.97038026576614
2015-08-19,80.67626345010926,82.70254149704532
2015-08-20,82.04499525488207,83.02418587891538
2015-08-21,82.75780971500186,80.60072256863079
2015-08-24,80.63307014201428,78.73312325841947
2015-08-25,79.92781239949817,78.50243173449472
2015-08-26,78.11256789873796,77.97521043825947
2015-08-27,78.1935922831591,80.77066044652572
2015-08-28,79.2204249641942,80.41663143090413
2015-08-31,81.0841427212354,83.72454852135571
2015-09-01,79.5885933175519,83.79929249426631
2015-09-02,79.76780538206968,81.78711910261694
2015-09-03,77.28844798570658,83.00882856037246
2015-09-04,78.17952057045159,81.79740002650428
2015-09-07,80.61357132895932,82.44151692553659
2015-09-08,79.75152298947354,83.26820318096304
2015-09-09,80.36936340333621,83.86708739973419
2015-09-10,82.14485829906067,82.77872926157806
2015-09-11,84.36873783794199,84.1838295813755
2015-09-14,84.36018314298624,81.07164192359875
2015-09-15,83.2708030607265,77.68003393480976
2015-09-16,82.61748267480726,76.19253751303972
2015-09-17,81.32952964902489,77.87747357995462
2015-09-18,80.48543839052014,78.23359210843302
2015-09-21,81.47552775264938,77.78202986032294
2015-09-22,81.45312898760531,80.5341057398187
2015-09-23,83.96068739712348,82.21417398297143
2015-09-24,83.30080282692552,82.7755516798665
2015-09-25,81.51205265615727,80.40184171663023
2015-09-28,81.70302046768283,81.7464784645848
2015-09-29,81.64863666297211,80.78228466623081
2015-09-30,79.73138793561459,81.79024760906822
2015-10-01,77.93713680734787,79.42452466621069
2015-10-02,80.94914012015664,79.06802243297271
2015-10-05,83.69758066750839,80.28633978872055
2015-10-06,83.95590428801492,79.99360605948831
2015-10-07,83.87888471766291,78.69166401116102
2015-10-08,82.39817848104919,78.80298447572933
2015-10-09,81.2071159691732,79.79121589804232
2015-10-12,81.19950920818007,80.99700656458164
2015-10-13,81.17962189826758,83.01416139046921
2015-10-14,82.41330517944094,81.01552609295737
2015-10-15,83.34255849378897,81.65618132766075
2015-10-16,83.83865715646135,82.06868791524694
2015-10-19,80.74873583687703,83.75460425090891
2015-10-20,80.35753464933568,83.64833173648013
2015-10-21,78.33787404676006,86.2739885820536
2015-10-22,78.43981726756788,86.70841815060379
2015-10-23,76.6151243816838,88.53410963001961
2015-10-26,76.71308502345634,87.68824472723192
2015-10-27,75.88758658536929,85.42658660818758
2015-10-28,75.72265107419612,82.93154583842409
2015-10-29,77.55619557986499,81.84717057215917
2015-10-30,76.53916424029222,81.38091403596455
2015-11-02,77.05088101707454,83.50840010916153
2015-11-03,79.29360705356359,81.3314533911293
2015-11-04,77.98541418344571,83.2089388773839
2015-11-05,77.15841949213137,81.92867901103452
2015-11-06,79.38353861092976,78.16814087105027
2015-11-09,80.48424815819047,79.13556201176507
2015-11-10,82.07203928084135,78.08482734645186
2015-11-11,81.44097811910177,77.42287267268635
2015-11-12,80.9445958974603,78.96085984932995
2015-11-13,81.98273714276975,80.10969311930195
2015-11-16,81.96977174260653,81.78537245986716
2015-11-17,80.60727654183647,83.36523677155547
2015-11-18,79.96857476739903,85.1640012885919
2015-11-19,79.01907266226384,87.74992216766569
2015-11-20,81.46760513822048,87.4209592099181
2015-11-23,83.01348507746475,88.12925829557001
2015-11-24,83.59265656314162,90.0775277388079
2015-11-25,83.81441820595859,90.45533467264305
2015-11-26,81.5760382399945,89.73790495518018
2015-11-27,85.74931532491856,88.71711076683127
2015-11-30,86.21764537687802,86.7220150064011
2015-12-01,87.326836928678,86.88331845394865
2015-12-02,85.19982843278949,86.13331598144535
2015-12-03,86.05688193607452,85.14034117729643
2015-12-04,87.66430872306907,83.04466651373653
2015-12-07,87.66349041850309,81.07027548466664
2015-12-08,88.9169607667168,82.47729491220713
2015-12-09,89.49938373637755,81.6293491177181
2015-12-10,88.90449103986666,80.59135300255971
2015-12-11,90.53884595067183,81.35865089342549
2015-12-14,87.90233822759008,81.15665895505451
2015-12-15,89.43463968255449,79.4746225087598
2015-12-16,89.17418769487739,77.06266028934542
2015-12-17,87.55716130417746,76.2105538750432
2015-12-18,86.86703914554924,76.51819222061279
2015-12-21,89.29161512352036,76.40270644174353
2015-12-22,90.71705895721074,74.70929336538106
2015-12-23,91.76921851079335,74.57548922278832
2015-12-24,91.87115592255793,72.84648896184251
2015-12-25,95.22389380288321,71.4561863551577
2015-12-28,92.0295654335506,70.97528128354362
2015-12-29,92.33346723947317,70.82648785249383
2015-12-30,90.96841445330976,70.44271648545103
2015-12-31,94.83998307644814,68.95829782207508
2016-01-01,95.07306145562285,70.12751521919883
2016-01-04,95.39637437565024,70.13674713287816
2016-01-05,96.68396638374543,68.57996509006804
2016-01-06,97.07196204825244,69.10537664600028
2016-01-07,97.88599628986066,68.34083291503065
2016-01-08,100.04849335629032,67.21534527084239
2016-01-11,104.59425155889119,67.77839966452086
2016-01-12,106.16705986205811,66.04397213016948
2016-01-13,105.18619607196847,65.9293090176147
2016-01-14,104.98034216123372,66.5595782874777
2016-01-15,106.24862772642122,66.36622627780925
2016-01-18,105.85308123467794,66.54556494898581
2016-01-19,104.53606985546479,65.12642607364468
2016-01-20,101.48694388665214,66.12915044025067
2016-01-21,98.61161035225611,63.79075128599313
2016-01-22,97.6086861891859,62.03391507504232
2016-01-25,97.0276671339894,63.09798721417243
2016-01-26,98.55607697361305,62.851623975225046
2016-01-27,98.11470863662798,62.67469969963175
2016-01-28,96.68309660347346,62.418564125688825
2016-01-29,95.86453276592225,61.9585983235926
2016-02-01,98.11946533828578,62.212970498079265
2016-02-02,95.17026221541212,61.49365709696673
2016-02-03,94.70308264524294,63.934098518936516
2016-02-04,93.45949807734127,63.593372684951866
2016-02-05,93.47616937860796,64.0706070523916
2016-02-08,93.96807281883115,62.7676854113885
2016-02-09,93.00182292174927,63.388318081198236
2016-02-10,94.90750127014364,63.897018610495294
2016-02-11,92.48727054988986,63.368908106574466
2016-02-12,92.24931568925372,62.338033013555346
2016-02-15,87.6704323555576,61.74890914822913
2016-02-16,89.41783449789297,62.674355236727926
2016-02-17,90.32694691667373,61.9289998040427
2016-02-18,90.35021608258319,61.12260831129706
2016-02-19,93.16204445439841,60.61018773115902
2016-02-22,95.24411642026209,61.466827448832454
2016-02-23,95.55125144723725,60.13876204909179
2016-02-24,95.20029273806018,60.40514305752408
2016-02-25,93.36318311359054,60.20039047836741
2016-02-26,94.57103533801515,59.410067145448984
2016-02-29,97.21714050752553,59.21484858690996
2016-03-01,97.75818937684593,61.37547917104298
2016-03-02,96.00656299343493,60.84871404888557
2016-03-03,95.86805769208686,60.419559629341954
2016-03-04,95.74290257127232,60.01012270730802
2016-03-07,98.8543608232517,61.618846106799225
2016-03-08,99.69599855884736,61.2873905988264
2016-03-09,98.96371034686601,60.091308694309014
2016-03-10,97.50970536472552,59.69839368737999
2016-03-11,99.00607552442605,61.12196554724588
2016-03-14,102.78375838789032,63.44872623221001
2016-03-15,103.52679442158181,64.21199810125908
2016-03-16,107.72242413594977,64.24863314504934
2016-03-17,108.11753882502336,64.45638752975657
2016-03-18,111.40648467176011,64.21187015939576
2016-03-21,113.58740840196403,65.9271138645398
2016-03-22,112.19033462364146,64.97224446433572
2016-03-23,111.24775270933611,65.80283256727458
2016-03-24,113.92562391287146,67.31850697584021
2016-03-25,113.25767715455373,68.481518056137
2016-03-28,111.27854134165501,68.03631206888453
2016-03-29,112.01346308310981,67.29249512922652
2016-03-30,115.57846134523734,66.95662910997603
2016-03-31,115.91338357959015,65.40809207408351
2016-04-01,119.70213610094031,65.30627509371236
2016-04-04,118.81857668830169,63.74219360880331
2016-04-05,118.35132432299724,63.02195534476019
2016-04-06,116.93904575074728,63.79283272158555
2016-04-07,120.30201406522296,61.928791483410336
2016-04-08,122.21845725216981,61.74430927514616
2016-04-11,120.5657734845079,62.23481752237969
2016-04-12,118.67627477018176,62.67025611474795
2016-04-13,118.42760204666655,62.24843674547512
2016-04-14,118.32006051467451,63.3006404210144
2016-04-15,121.15635965113341,63.931539838907966
2016-04-18,122.18696984442606,64.52338523342347
2016-04-19,122.82949646047243,63.298440025409676
2016-04-20,120.76503717597564,63.16425572538533
2016-04-21,119.42175366469009,63.95457960787385
2016-04-22,115.8751642904679,64.07362717742473
2016-04-25,112.34191471842126,63.07536229451988
2016-04-26,113.16732836963223,63.954475842610755
2016-04-27,112.51077515488647,64.68997216150196
2016-04-28,114.88642379942428,63.495016018119145
2016-04-29,114.40397512465502,60.29975876674606
2016-05-02,115.62775887133327,61.189720360829654
2016-05-03,114.7982567900669,59.95506505422649
2016-05-04,113.82926469168038,59.74566157524225
2016-05-05,114.13717733926605,59.57329924827776
2016-05-06,111.8818794672495,58.75826833353531
2016-05-09,111.98592443435011,59.41659230731991
2016-05-10,112.01087144559861,59.3489126776786
2016-05-11,111.11424670087092,60.38546805430165
2016-05-12,110.57553117310967,59.93389329276571
2016-05-13,110.53909728076417,60.08106828572076
2016-05-16,109.18486096837387,58.662802179532086
2016-05-17,111.61211122162918,60.20538030941343
2016-05-18,114.5706532188006,60.29592530166154
2016-05-19,113.16837926452573,60.74813257531302
2016-05-20,113.53377053301803,59.028370394576406
2016-05-23,112.29773654695403,59.19530407161721
2016-05-24,111.9107901083756,58.87574745086152
2016-05-25,114.34513512995599,57.19475751629222
2016-05-26,112.4566104170692,57.446137059856305
2016-05-27,111.45531766482597,57.13111478041416
2016-05-30,107.5561623819404,57.75068161091327
2016-05-31,105.3843598584315,57.470894663299894
2016-06-01,108.42143014167932,57.985252388009236
2016-06-02,110.1519634170747,57.546547935198014
2016-06-03,110.79113026529731,58.73627510621869
2016-06-06,108.42080950072861,59.14547635443209
2016-06-07,107.23620589570214,58.33409763418833
2016-06-08,108.97673293956939,61.23290646702014
2016-06-09,109.89713333755844,62.14979064634095
2016-06-10,107.4426218192513,62.46093451219562
2016-06-13,106.99409984100868,61.64921559194169
2016-06-14,108.12510462360777,63.85711699471535
2016-06-15,106.07152332442969,64.74498701862893
2016-06-16,107.51743144093237,64.08374933763416
2016-06-17,105.72413712278747,62.77543730080638
2016-06-20,102.98334932132693,64.40886489548485
2016-06-21,101.62462008661217,64.21511442489707
2016-06-22,99.79433104313769,64.39540028633783
2016-06-23,100.15864351705868,64.57662934942128
2016-06-24,99.66445438787025,65.14053518660764
2016-06-27,94.90082596800097,66.05045511180762
2016-06-28,94.05904092185142,67.60805408527878
2016-06-29,96.05412210583832,66.14143970309003
2016-06-30,93.43931711745189,65.66999952004956
2016-07-01,94.29307807928892,64.95704375918213
2016-07-04,94.72085187429559,65.14518698317072
2016-07-05,93.47709520274037,66.84971288160962
2016-07-06,94.39408421190006,65.57223373222116
2016-07-07,93.90205613958862,66.05664681260315
2016-07-08,91.85613349785548,67.00953983989854
2016-07-11,90.63661566626067,66.95625541236105
2016-07-12,91.64845417137893,66.27670135911887
2016-07-13,89.13389492702554,65.0701658695873
2016-07-14,92.10147848321061,65.62080257931459
2016-07-15,89.93800599363777,65.7846307452959
2016-07-18,89.93710921712244,66.05642449561229
2016-07-19,91.29664916352795,65.40300783982424
2016-07-20,90.62307930569246,65.65909204930648
2016-07-21,89.99042226666305,63.57229791954844
2016-07-22,91.51549351689052,63.231498248686435
2016-07-25,93.17429710751036,62.87145378810907
2016-07-26,93.72019353694421,62.83282613142755
2016-07-27,92.08458833222437,62.78215421017069
2016-07-28,91.787211024961,62.22457203272552
2016-07-29,88.83312336886418,60.2567877682142
2016-08-01,90.21749495875038,60.540192728041035
2016-08-02,92.76456512412918,60.78330832607267
2016-08-03,88.36815279144199,62.71229432646573
2016-08-04,86.90198474187198,62.763592768717785
2016-08-05,86.91475271468974,63.62945401528396
2016-08-08,88.36230114146616,63.82747201385989
2016-08-09,89.30495449419882,63.349642584787546
2016-08-10,84.62116913693951,61.51638806448047
2016-08-11,86.96928616130505,59.27197844229743
2016-08-12,84.79322295967124,58.03718176908167
2016-08-15,84.3782203919627,58.375181851357894
2016-08-16,85.74287259496278,59.728952769318674
2016-08-17,86.0301067001732,61.02118906286609
2016-08-18,86.43625344898308,60.329798943777874
2016-08-19,86.16862963880726,60.50198370596997
2016-08-22,87.14841210011004,59.099855638576734
2016-08-23,86.73531870182053,58.74129487740838
2016-08-24,84.49364365684121,59.10530340631987
2016-08-25,84.4166697461839,60.10054789270285
2016-08-26,83.27265064095207,60.430813457422595
2016-08-29,83.77725347836773,59.75081059081063
2016-08-30,86.38486076905471,59.33793789467562
2016-08-31,84.42333786263039,58.74911452533398
2016-09-01,86.05602416327615,60.352269798289605
2016-09-02,85.43134450449571,58.729550286147195
2016-09-05,85.4209977258518,60.0168122956635
2016-09-06,84.07327965809537,58.32604870678411
2016-09-07,83.49774924705403,60.06645500706901
2016-09-08,84.33621884353883,59.50385610834153
2016-09-09,84.01022278827267,60.004875677183875
2016-09-12,83.21776209386272,60.30425151092932
2016-09-13,82.26933820521846,60.8004239472355
2016-09-14,83.7715836065608,60.804578080940345
2016-09-15,83.50440269483275,60.28315272584633
2016-09-16,85.95146700487777,59.811968200260466
2016-09-19,85.16919288117299,58.827151636560345
2016-09-20,87.6248014151093,57.77685935303881
2016-09-21,88.13069510639923,56.968562988015336
2016-09-22,89.26190206026192,57.82398838654633
2016-09-23,87.70101501067138,59.06145871903601
2016-09-26,85.68445300460766,59.627542705787725
2016-09-27,86.32938430153946,58.791927586184265
2016-09-28,84.99751233649701,59.12741944434297
2016-09-29,84.2690762332694,56.48571933867989
2016-09-30,84.99817394369875,53.85763043378153
2016-10-03,83.50647958458748,52.74752514567255
2016-10-04,84.97851215636375,52.493477575528864
2016-10-05,83.83159187581754,52.47945069348316
2016-10-06,84.53450104788453,51.21870678958555
2016-10-07,84.62274338427206,50.84642035982438
2016-10-10,88.1772540973764,51.66994856877269
2016-10-11,86.83133387786482,51.819277612150515
2016-10-12,87.91730147891685,52.5369618366734
2016-10-13,88.4838690531152,52.02577179994351
2016-10-14,88.81189285089931,51.39222633285454
2016-10-17,92.32250410436754,51.67757764587325
2016-10-18,93.97018640500914,52.40567795601321
2016-10-19,95.44997226955456,52.87930379810702
2016-10-20,95.98250960786825,52.39476611982912
2016-10-21,97.7395366060519,51.3901942097406
2016-10-24,94.80492198608212,50.415808680983304
2016-10-25,94.78373850347833,51.933764530355035
2016-10-26,92.58763422883709,50.63016680895026
2016-10-27,90.97694912295891,50.32474755833001
2016-10-28,90.90757867272491,48.459001610078445
2016-10-31,90.74739908559678,47.698051572978834
2016-11-01,92.25266285138946,47.310395788968215
2016-11-02,89.90852367227535,46.39314774895364
2016-11-03,87.97409220908136,46.58224335516881
2016-11-04,87.54511685150953,45.16257735898315
2016-11-07,86.20443282516094,46.58056559528476
2016-11-08,86.53474934277298,46.770598575839486
2016-11-09,86.38500891129323,46.30592172030126
2016-11-10,85.51194599179381,46.42761895485147
2016-11-11,83.3995382837982,46.45158612455109
2016-11-14,82.41373660860296,45.37956800692311
2016-11-15,82.56503095353776,44.80601945080904
2016-11-16,85.12892829208943,43.94730726124737
2016-11-17,86.20991282007844,43.51555689593725
2016-11-18,85.58221169478973,43.73855138603607
2016-11-21,84.62254175208727,44.08592527301985
2016-11-22,85.16373801440648,44.14295163384294
2016-11-23,84.89613983377218,44.03994752366489
2016-11-24,87.22163494356656,44.45761741242697
2016-11-25,87.48846378938093,46.02317094415102
2016-11-28,88.46063155263003,46.18778862504092
2016-11-29,86.98258346826813,45.685992064619505
2016-11-30,88.52459379822095,47.494224401548934
2016-12-01,90.35502471352412,47.46617410790051
2016-12-02,88.32945144303174,48.24638780283098
2016-12-05,87.88777068960108,48.60385366818825
2016-12-06,87.2532906483935,48.140157951336114
2016-12-07,85.86967381793175,48.05605695860642
2016-12-08,88.29893428893917,47.60743255090426
2016-12-09,83.73535115203367,47.88011240070723
2016-12-12,82.97821535509422,48.24717144050711
2016-12-13,84.56075814076692,47.62656880215368
2016-12-14,84.18198199917062,47.33347774883761
2016-12-15,81.62823615019971,48.07479584629323
2016-12-16,80.40206210830782,47.924182908439285
2016-12-19,79.88166913969513,47.53609359415043
2016-12-20,81.45972609971257,48.42059732516328
2016-12-21,84.04294424055405,48.57844368728636
2016-12-22,83.4574170372744,49.44443440466805
2016-12-23,82.60454585634875,49.133262811551056
2016-12-26,80.91380969092235,48.24772756990279
2016-12-27,79.76582060657883,48.14066375126052
2016-12-28,80.01782003578987,48.6905938729128
2016-12-29,79.99584316075212,47.86962049408301
2016-12-30,78.8366022493776,47.415297061815075
2017-01-02,78.26239542334224,46.802933610273016
2017-01-03,80.53625381462406,45.14394320825637
2017-01-04,80.54061118683323,45.4969489967876
2017-01-05,78.91453717652402,45.26651115053623
2017-01-06,79.42381555290453,45.37789198065899
2017-01-09,77.48875325141111,45.184216569830696
2017-01-10,76.19544748743274,45.52642824580472
2017-01-11,75.19828493100879,47.01052062857336
2017-01-12,76.39226046788104,46.94658546600198
2017-01-13,78.20402575350397,46.453765289809645
2017-01-16,77.5087678630781,46.847197083681074
2017-01-17,78.3625923833476,46.57255804523584
2017-01-18,78.14336792889827,47.54046018379503
2017-01-19,76.88624028135507,46.300296026356115
2017-01-20,78.61482949007005,45.570154506523146
2017-01-23,80.11724367759605,44.87946673164465
2017-01-24,83.06145357737499,43.33959755485908
2017-01-25,82.91490136255305,43.40590186126093
2017-01-26,84.10270996644182,44.30563323915114
2017-01-27,82.68013039743866,44.91531307299196
2017-01-30,83.47376973454975,44.852279408551794
2017-01-31,84.37519901321069,45.78300135963411
2017-02-01,86.558650036392,46.45484430294229
2017-02-02,86.16362295441233,46.19554209259449
2017-02-03,88.59223013208782,46.928466548789665
2017-02-06,88.93367166693744,47.6253251237638
2017-02-07,88.31932150883604,48.13731263434597
2017-02-08,89.41652183891772,48.25898073405891
2017-02-09,86.2615399384504,48.49035955177779
2017-02-10,89.60823238880424,48.084217943819056
2017-02-13,88.00066614304008,48.10471320472997
2017-02-14,85.86395946151693,48.00303797603758
2017-02-15,85.14007922266744,46.8256215626761
2017-02-16,85.46294457360585,48.34310093686281
2017-02-17,84.32334215186016,48.350296919342256
2017-02-20,85.39140858002096,48.49517842033228
2017-02-21,85.26301413843206,48.48067279427455
2017-02-22,83.78593664945306,48.46174354434813
2017-02-23,81.7129121777465,48.70050724075317
2017-02-24,80.46857288116597,48.845818644825854
2017-02-27,79.19376727376073,49.55046892886147
2017-02-28,78.47750430819907,49.29139213577855
2017-03-01,76.82215541144782,50.37436028982277
2017-03-02,76.29093787672399,51.87817338187584
2017-03-03,75.78573885249388,52.17903674432696
2017-03-06,76.8751258770437,53.63474108818338
2017-03-07,78.7793626315969,54.42954637061249
2017-03-08,78.52279752894306,54.67598780648381
2017-03-09,80.67002341001495,53.23303769879342
2017-03-10,82.60641075091914,53.34557206158725
2017-03-13,82.04061989534769,53.35775262339837
2017-03-14,82.69782368381655,52.041551694135556
2017-03-15,82.33896241046264,56.08633396768086
2017-03-16,81.2901919859593,54.96972592707083
2017-03-17,83.36272265683307,55.4814576009924
2017-03-20,81.53632231957414,53.875087745729346
2017-03-21,83.20772860480201,54.59480395774284
2017-03-22,81.91259464232434,54.795666539009396
2017-03-23,82.73543385393688,54.10618234744729
2017-03-24,80.46140982833464,54.55640048543027
2017-03-27,80.39977095168489,54.04844158090244
2017-03-28,79.3196654749539,54.054135632799614
2017-03-29,79.74904631137017,54.59562476998953
2017-03-30,80.56025713245839,52.761426464113235
2017-03-31,81.45567793625501,52.7449484697167
2017-04-03,80.02943614395564,53.225469723627825
2017-04-04,78.16993437164396,53.0106315696496
2017-04-05,74.69619815290402,53.42691847423981
2017-04-06,75.11808458964335,52.98899825325478
2017-04-07,75.33832506013414,52.31635790253677
2017-04-10,74.35927670822188,51.1560428617982
2017-04-11,75.09159543486777,51.529113976069574
2017-04-12,73.38733278555823,52.09994935929452
2017-04-13,74.51159070010925,51.57243449998667
2017-04-14,75.48518029392656,51.61061955176723
2017-04-17,73.15201097429832,52.17243635420308
2017-04-18,71.80544754952038,53.11344208548108
2017-04-19,71.61525951623645,53.72532252540197
2017-04-20,71.21832181837178,54.36214241602629
2017-04-21,71.6785352918914,55.301880545037484
2017-04-24,71.23311752164837,55.63490682614827
2017-04-25,70.81713973416561,56.91307123016641
2017-04-26,70.7205034081117,56.196448189348224
2017-04-27,70.21474448120985,55.87444787870957
2017-04-28,69.73586971179384,57.639573669177175
2017-05-01,68.57931309698459,56.72746604485425
2017-05-02,67.52746270165261,55.81289824671744
2017-05-03,66.00841539938786,54.425307324914655
2017-05-04,66.02515706656428,53.497925833322014
2017-05-05,65.3626313738453,53.81278312211698
2017-05-08,65.34330798824053,55.23133768523381
2017-05-09,64.48836630606999,55.8100763889006
2017-05-10,65.72603865917195,56.82811246439528
2017-05-11,65.24849864970669,58.16862718982123
2017-05-12,64.01443241417287,59.657769054476326
2017-05-15,65.95079969388789,57.76295377919769
2017-05-16,67.16573411327713,58.37281697723048
2017-05-17,68.09166605910832,57.89967064657101
2017-05-18,68.76722949224259,58.002778944958095
2017-05-19,71.35918920292096,58.86081966157846
2017-05-22,71.23082201097023,58.08341215622352
2017-05-23,72.02626285876254,58.61122610619142
2017-05-24,72.98176871246284,58.16630850457534
2017-05-25,71.20438560543033,57.68016030514095
2017-05-26,71.23095516246315,59.310059241722165
2017-05-29,72.86482336745766,57.34487137577524
2017-05-30,72.0347307424096,59.36794172335502
2017-05-31,72.34977465662763,59.574701656267976
2017-06-01,74.34299507516117,60.5156233349241
2017-06-02,76.09265932140855,59.276774864669854
2017-06-05,76.3541115894282,58.87347083432772
2017-06-06,73.3478103288386,58.23706617804339
2017-06-07,73.87833861946744,55.90055219651454
2017-06-08,73.35758458203445,56.27334352016958
2017-06-09,73.60806354095205,57.202683513578556
2017-06-12,73.3111210994925,56.251548606271776
2017-06-13,74.28732954387787,57.35550038275225
2017-06-14,71.28007120180851,57.654203039095044
2017-06-15,70.2273181507478,56.746737138386386
2017-06-16,70.97085752629549,55.73426611896137
2017-06-19,69.0259011408615,56.47499719914585
2017-06-20,69.32429717407322,57.06194852830916
2017-06-21,69.77644901594132,57.07820180878009
2017-06-22,71.42113061353862,55.99084390998773
2017-06-23,69.57012911419764,55.75032059467648
2017-06-26,70.68777066875286,55.65863177546716
2017-06-27,71.32798862734388,53.86571949260554
2017-06-28,71.12030577729189,54.41886732708518
2017-06-29,69.11747158382711,54.93498866945313
2017-06-30,70.53996422174826,54.21959388292953
2017-07-03,69.77220502819802,54.43917276709601
2017-07-04,71.74600160773433,54.6224705518665
2017-07-05,72.24255744455594,53.35088487393467
2017-07-06,70.53313984238872,53.51191499416242
2017-07-07,70.30192640424652,54.339403895483535
2017-07-10,69.7059683020263,53.78843446974127
2017-07-11,68.55887166411657,53.45139489839717
2017-07-12,69.09042894493662,52.43971309377114
2017-07-13,68.98993791476651,52.641971598378895
2017-07-14,70.11106272610989,52.19926435097789
2017-07-17,69.76606283431292,52.533600503863596
2017-07-18,70.36587355032137,51.30834669618352
2017-07-19,69.6483173186251,51.11967241581789
2017-07-20,67.05826997897782,51.45673797860386
2017-07-21,66.02330128636345,52.849909252847624
2017-07-24,67.79648613153213,53.00697500812329
2017-07-25,67.50685974845813,53.27456398063814
2017-07-26,68.88317037055944,53.389431607417585
2017-07-27,70.07197220295804,53.812184429558336
2017-07-28,70.11039735832722,53.78833850256972
2017-07-31,71.90096064739447,54.43800028780422
2017-08-01,75.00578218290354,53.323647388782696
2017-08-02,76.98379277174884,54.76988769848452
2017-08-03,80.85121572853515,54.06066343285363
2017-08-04,81.98119971975018,54.470418419994125
2017-08-07,80.04816906284647,51.56306959377942
2017-08-08,80.67578587664461,50.87261376123855
2017-08-09,81.34366070729381,52.07070068502208
2017-08-10,82.34907396972575,51.823560122151825
2017-08-11,82.77582004669847,53.45177649167074
2017-08-14,82.94757890740433,53.717367554413755
2017-08-15,82.95827535399114,54.010028406513435
2017-08-16,82.6098046526536,54.46164283591321
2017-08-17,80.62454317174962,53.23196286758978
2017-08-18,80.78241773090346,52.263893943623444
2017-08-21,80.13248101476519,51.85449350470747
2017-08-22,80.39664130405087,51.96099099385327
2017-08-23,80.40196897895352,53.5509171624446
2017-08-24,78.37430448695724,53.49500231267907
2017-08-25,80.27160001572311,52.40092745925145
2017-08-28,79.4078880850506,51.85771886157474
2017-08-29,79.28627830703795,52.737664472018686
2017-08-30,76.51892052198501,55.047136837404345
2017-08-31,77.05641651602362,55.840789046280484
2017-09-01,76.39715394350439,57.48320054346702
2017-09-04,77.39932873855314,58.96207725283908
2017-09-05,73.12519763296888,58.75317329640944
2017-09-06,73.79641206201718,59.1451461517169
2017-09-07,73.79617132679746,57.8977041704286
2017-09-08,73.69470187511038,56.504865227608434
2017-09-11,71.68204409721206,56.25352014488122
2017-09-12,71.70692939276249,57.788817446608114
2017-09-13,72.00785041973192,58.55079799141185
2017-09-14,74.41762926040057,57.25761389023675
2017-09-15,74.59390978348506,57.85760374612683
2017-09-18,74.41158141331724,57.12837279974215
2017-09-19,75.24967738886934,56.48080207416111
2017-09-20,75.69765661943549,57.312664598766986
2017-09-21,73.70549079292509,58.435067889196446
2017-09-22,75.03492404500544,58.30273757433625
2017-09-25,77.19403730845589,57.7498259513457
2017-09-26,79.05709863109318,57.54748136272369
2017-09-27,77.4747439431279,57.708162653573666
2017-09-28,75.92499543785097,57.269880747887
2017-09-29,76.6709216549854,58.73878773680881
2017-10-02,75.93606812243402,58.194082739653055
2017-10-03,77.4101989610183,56.44707295076696
2017-10-04,77.74896078122143,58.12253733771659
2017-10-05,80.03508741222876,56.64297390735624
2017-10-06,77.88523606516425,56.06038202225212
2017-10-09,76.03890489089778,55.64613344302465
2017-10-10,74.41411729384572,55.52227798670915
2017-10-11,73.08227677080036,55.25252709018931
2017-10-12,72.97594852418617,56.957894197188246
2017-10-13,72.52238909096559,57.995728315245124
2017-10-16,73.16106396830762,57.822471805222314
2017-10-17,74.79630962395638,58.519222793103744
2017-10-18,75.72811561136004,59.04509491761558
2017-10-19,78.25774270734377,60.946397606886855
2017-10-20,77.15366150857945,61.221001616239434
2017-10-23,78.21760765035957,61.40080782038988
2017-10-24,80.06452716228918,61.853758161183265
2017-10-25,80.26052476597124,61.100348593225384
2017-10-26,80.72949579003985,63.10817524600738
2017-10-27,81.42627108457265,64.40548264087509
2017-10-30,82.67145832150746,64.42405278254816
2017-10-31,83.11412104395484,64.22939264797292
2017-11-01,81.23841740424821,65.16684018102308
2017-11-02,78.08530272544607,64.48525909831898
2017-11-03,77.66994949900821,65.60411969883114
2017-11-06,76.00606897422159,64.89577220337505
2017-11-07,75.07955096361198,62.439736505018544
2017-11-08,76.63957605604094,62.47504223560301
2017-11-09,76.6554722910515,61.94557895359336
2017-11-10,76.6745685116062,62.32597172667993
2017-11-13,77.6289128133418,60.867547328288985
2017-11-14,77.47778021934202,61.18729848036604
2017-11-15,77.2008569664445,64.41863214891781
2017-11-16,79.9709038468068,65.67847838660549
2017-11-17,80.96199682200623,65.73501423808337
2017-11-20,82.47529683007514,65.65934217432587
2017-11-21,80.605790678253,65.02924145228044
2017-11-22,78.62403055476038,64.2917058034579
2017-11-23,79.56847504882161,65.29472932846495
2017-11-24,79.20092638023664,65.35792156161934
2017-11-27,76.65566806434228,65.31590692079388
2017-11-28,77.93791910031422,66.745553507838
2017-11-29,80.33126986704004,68.00714637392645
2017-11-30,79.69226042697954,67.77310264856796
2017-12-01,80.5133707000684,68.82083143136346
2017-12-04,78.13279378198737,68.72068075053524
2017-12-05,77.75587856898865,68.46622225337805
2017-12-06,76.35511428465935,69.107342383845
2017-12-07,77.02104556897105,69.03322937619879
2017-12-08,76.92125862096928,67.1086285935666
2017-12-11,78.58209763306267,68.55577990104094
2017-12-12,81.1288907350564,67.67447203164191
2017-12-13,84.40345840749026,67.56766844368359
2017-12-14,84.29035063645752,66.69933938488089
2017-12-15,85.03179225861892,64.21372785659257
2017-12-18,86.52658281127111,63.13944712572867
2017-12-19,86.97776582701931,64.3869695976945
2017-12-20,87.00545331550863,64.49807852019704
2017-12-21,85.42991629872911,65.28894259735912
2017-12-22,84.88935899161197,63.57781736646132
2017-12-25,82.98475471608626,64.61505716597858
2017-12-26,81.66584708248057,64.24607449101624
2017-12-27,80.74448498973639,65.25214563576144
2017-12-28,81.04389741267958,68.08588604398932
2017-12-29,79.67302534350138,67.98642734043293
2018-01-01,75.65790433834837,66.98190413742373
2018-01-02,77.32411725058988,66.56075109922322
2018-01-03,79.84192647203321,69.53310351582
2018-01-04,78.2193086002308,70.02223306375069
2018-01-05,77.37234036916725,68.8774186486419
2018-01-08,76.74071534688049,68.70525548913606
2018-01-09,75.42704097399331,68.17296476182176
2018-01-10,75.27189015634242,69.77643623920738
2018-01-11,75.0511469041696,69.92305809417893
2018-01-12,76.34554634041915,71.29996765575241
2018-01-15,76.58399604686892,71.28819577442974
2018-01-16,77.00369693702254,72.33624150845064
2018-01-17,76.8819273377058,71.05951682877033
2018-01-18,78.16418832694204,70.0883112584056
2018-01-19,78.08106453934884,71.38053149196814
2018-01-22,78.86339803613018,72.39811516381847
2018-01-23,77.9547560497914,72.40591733855182
2018-01-24,78.4473467760677,73.205149310206
2018-01-25,76.56764556703376,73.34049215636915
2018-01-26,78.62846256468455,71.95617937713051
2018-01-29,80.82955321580845,71.57716206397397
2018-01-30,82.58255648894341,70.15241840288313
2018-01-31,81.89073936905564,70.7889213952992
2018-02-01,79.51865763406182,72.20921480306855
2018-02-02,79.4418763073042,72.25366937540207
2018-02-05,80.44004103389327,75.0034899749585
2018-02-06,81.92622113861488,72.83152264362795
2018-02-07,80.98116888087168,71.92790298395145
2018-02-08,81.37595163530152,74.29220793092125
2018-02-09,79.20254598685062,72.53758017469126
2018-02-12,79.80736216659237,73.48283361430921
2018-02-13,80.58249661532675,74.71838377926242
2018-02-14,79.94656341350509,74.89224435739914
2018-02-15,80.19409562829627,73.08241263053245
2018-02-16,78.92102106509431,73.02906580123772
2018-02-19,76.10728888459262,73.06631476394918
2018-02-20,77.8060139759942,73.01159261143815
2018-02-21,75.50767857751751,73.14236774654366
2018-02-22,75.57616041050319,74.86897598950493
2018-02-23,75.23090993226825,75.81294340990692
2018-02-26,73.69917207254618,73.46052129383703
2018-02-27,74.48857382510941,73.37301412604478
2018-02-28,75.1502554355193,75.26073204641958
2018-03-01,73.41745731275758,73.80056761218015
2018-03-02,74.48930574970937,75.49851540134905
2018-03-05,76.33609998976651,75.7259367069281
2018-03-06,75.12257928621318,76.0572969133493
2018-03-07,73.42791931929173,76.66051357676082
2018-03-08,72.7808441431051,76.78524448447807
2018-03-09,71.46192100699841,76.67960954596221
2018-03-12,72.89505643901488,76.3619995315784
2018-03-13,72.16283192791391,76.62975467330352
2018-03-14,69.79994695375493,77.0674274987662
2018-03-15,70.40905746846383,77.45232883553793
2018-03-16,69.16499960890732,77.91442355961232
2018-03-19,68.8202089472892,78.04657207955154
2018-03-20,68.3585731155948,78.93436197869192
2018-03-21,68.47167659224925,78.28187476080453
2018-03-22,68.61800725861583,77.50922580514015
2018-03-23,70.57019313140533,78.09832718365978
2018-03-26,69.965983350153,80.72491486106054
2018-03-27,69.73886700644405,81.59621524270612
2018-03-28,70.10751937159505,81.80366625469377
2018-03-29,71.92304020203264,81.24889020932801
2018-03-30,73.77476325423515,79.90095703730495
2018-04-02,74.34205480678162,79.09413078692427
2018-04-03,73.58578558986511,79.42432416965401
2018-04-04,72.52369714560501,79.2598410172885
2018-04-05,71.76338685715174,80.55081364195055
2018-04-06,73.11804357161476,81.75853474125456
2018-04-09,72.34002961919704,80.53565568438529
2018-04-10,72.30341659661603,76.09450029044257
2018-04-11,72.31182203065998,79.9337424940654
2018-04-12,71.68761462503325,81.94624405582177
2018-04-13,71.79328368053743,82.10100331975195
2018-04-16,71.09575422935453,82.71560105190872
2018-04-17,71.21968453540171,82.26404035749897
2018-04-18,71.2865478421672,80.16703219317745
2018-04-19,69.83204919708865,81.8141566552559
2018-04-20,70.07096885146386,82.73554733788757
2018-04-23,70.77399648913756,84.90330589687163
2018-04-24,69.2073512351865,84.7128269675335
2018-04-25,68.3075817114235,86.65075472033814
2018-04-26,68.79706136340748,87.92669795576523
2018-04-27,66.65913337699848,85.96980318850113
2018-04-30,65.9363918623008,87.05790317025118
2018-05-01,68.08051027983257,88.31418170932163
2018-05-02,69.50401000098861,86.92485800326324
2018-05-03,69.11035894040151,87.20631067773836
2018-05-04,68.12680623487958,88.74880188677639
2018-05-07,67.11065849721352,92.47160032021807
2018-05-08,64.67069784691317,91.16112966130675
2018-05-09,63.47191487765077,90.00677701840353
2018-05-10,63.3430450467518,92.34094737880314
2018-05-11,61.90322099193159,91.13744988691502
2018-05-14,61.86879466282418,87.8498168639635
2018-05-15,62.33945655228501,86.24548745895991
2018-05-16,61.90618506084842,87.02309275872686
2018-05-17,61.11476025689301,88.97218357887331
2018-05-18,61.318754626413096,87.10447810799946
2018-05-21,60.85734748046046,86.66189176758259
2018-05-22,61.731209050227626,87.77155291458637
2018-05-23,61.900612867109146,86.99887527503273
2018-05-24,62.00264334466207,83.35496022895525
2018-05-25,63.06456218886587,83.71710172258275
2018-05-28,61.581558285467196,85.68297028091817
2018-05-29,62.031178233091374,83.2231944189473
2018-05-30,64.72963191912304,82.2293983728378
2018-05-31,64.03733083375303,83.67879620921107
2018-06-01,62.568554792133554,85.55086366500389
2018-06-04,62.148452367159386,85.51723879170486
2018-06-05,61.98503025000153,87.20418081912258
2018-06-06,62.02032658675371,86.81013410754535
2018-06-07,62.182644614394384,86.60277569433477
2018-06-08,63.39144365684807,85.39223183901544
2018-06-11,61.50375438321447,85.13733739194397
2018-06-12,62.8396335170778,84.6262953421516
2018-06-13,62.38391082877803,83.87592027014513
2018-06-14,62.28351930823691,81.16388840867684
2018-06-15,63.00799890836566,82.62661860954371
2018-06-18,63.009017071172885,84.01966771349657
2018-06-19,64.35094148666741,82.56427511133433
2018-06-20,66.99551987520094,81.5932810030959
2018-06-21,65.40926636611124,80.1241652550765
2018-06-22,65.41205140027934,79.42052746495642
2018-06-25,64.56870208466228,79.19828382874638
2018-06-26,65.43553923099125,79.25147971461821
2018-06-27,66.00410696753644,79.50224798380832
2018-06-28,63.42481658806396,78.6164345163563
2018-06-29,61.30235401285424,77.29073514781025
2018-07-02,61.80900894662169,76.56685246480937
2018-07-03,62.67598767794644,76.26014831165064
2018-07-04,62.89200349929288,75.53682469619089
2018-07-05,63.45993716585208,74.46662887314045
2018-07-06,63.620194424998566,75.20403409563725
2018-07-09,63.400258846384126,76.19276600127766
2018-07-10,62.60949380218831,75.8576235604504
2018-07-11,62.89688088253775,79.06261623140175
2018-07-12,64.98661650208163,78.50244190093633
2018-07-13,63.69993242783024,80.3799738181082
2018-07-16,64.08832356596346,81.50704082073871
2018-07-17,64.67508810205294,82.42365717221107
2018-07-18,64.03807699506595,83.06028831170237
2018-07-19,63.494715638158404,85.55369662213931
2018-07-20,62.72078008218071,86.45068019379356
2018-07-23,63.85736983793963,85.9877605210773
2018-07-24,63.54709621984312,84.6327206162699
2018-07-25,63.67002885615126,84.62120804044037
2018-07-26,63.54189070680277,83.85196836906259
2018-07-27,64.17368513007219,86.05437892373914
2018-07-30,63.4037623608203,87.4441993178698
2018-07-31,62.754720339669,87.00200301794669
2018-08-01,61.35602270166905,85.90431934112834
2018-08-02,60.329044402056375,86.03271370969317
2018-08-03,60.47910612038378,84.64347382249765
2018-08-06,61.35775438299177,85.75377630966393
2018-08-07,63.040389485690696,85.6368183621907
2018-08-08,63.53025325014321,84.94505963481718
2018-08-09,63.69535623557552,85.58591697876231
2018-08-10,63.4451491482722,84.6055886633996
2018-08-13,65.67672083828505,85.3981771833473
2018-08-14,64.39621824441386,83.90241954037566
2018-08-15,64.24047994770088,84.34853890901762
2018-08-16,63.69076373869869,83.89022825909846
2018-08-17,61.44900423707728,86.1757111575274
2018-08-20,62.62061372786789,84.17836392681072
2018-08-21,62.371193371132705,84.2033561785525
2018-08-22,61.789609400364384,84.49512452850328
2018-08-23,60.301307587350216,86.61304082386755
2018-08-24,61.70689972688675,88.6741338265197
2018-08-27,60.72042088762342,87.31860861005629
2018-08-28,59.89445305682153,88.09494815219244
2018-08-29,59.64127111541412,86.00503061602093
2018-08-30,57.75814375244594,86.21446928584193
2018-08-31,58.552535708892336,84.54541639129874
2018-09-03,59.924525141330534,85.51268943698223
2018-09-04,60.132690076029036,88.64110993915821
2018-09-05,61.143827274359154,91.36233055268795
2018-09-06,61.58829862853222,89.57718186601389
2018-09-07,61.989541871341864,91.11199724832684
2018-09-10,60.88604466869306,85.9777400660375
2018-09-11,61.43286006151606,82.79324662188132
2018-09-12,62.19367955819986,82.32047014392231
2018-09-13,62.476426221181825,82.98528030647654
2018-09-14,63.63936962080072,83.8547101549594
2018-09-17,62.58282271783613,85.44310149152105
2018-09-18,64.32867579958457,86.84199058422199
2018-09-19,65.1251332216887,86.62983503633589
2018-09-20,65.6735916413762,88.530698603324
2018-09-21,66.86914242770001,90.00689232398796
2018-09-24,67.0447657305822,90.17301314697991
2018-09-25,65.43888749358851,88.73673512233191
2018-09-26,65.09258068480874,90.33928167086113
2018-09-27,65.96649500719542,87.43430870145892
2018-09-28,66.11678625983896,89.55678411305918
2018-10-01,67.56157173114984,90.3114252643002
2018-10-02,67.93421542963075,89.59204503869434
2018-10-03,68.97631947544437,86.95492206743289
2018-10-04,67.61834805961848,88.48968307562063
2018-10-05,66.32327932826611,89.9549147546633
2018-10-08,64.53241728550601,90.3332871606771
2018-10-09,65.33659042002851,91.30679383106002
2018-10-10,66.84737306315391,92.22058098140877
2018-10-11,66.23588539650183,94.14806538320423
2018-10-12,66.17050965722878,94.16673965377765
2018-10-15,66.5855723009845,96.32474579480822
2018-10-16,64.85911829812439,98.55206928153895
2018-10-17,66.1438335840677,101.69491215451288
2018-10-18,65.7866868949572,99.5948000715772
2018-10-19,65.38706296740136,100.07311283199019
2018-10-22,64.49177172209922,98.94205746364511
2018-10-23,63.58759563377446,100.18337522874256
2018-10-24,65.10659219460206,101.03789688968129
2018-10-25,65.43549231946045,99.8983808322353
2018-10-26,66.51833929953756,100.3223716595694
2018-10-29,64.90102105546585,98.5067783826946
2018-10-30,64.31438720708549,98.30313078237396
2018-10-31,66.01301846426279,100.45349675457452
2018-11-01,67.20903465211948,98.35135495179166
2018-11-02,64.53073527448912,96.6039769840368
2018-11-05,64.44782099274676,95.04138839973457
2018-11-06,65.11876212410363,96.36719588746597
2018-11-07,64.04808227972141,101.6976699424572
2018-11-08,66.05748324049257,100.81481782138846
2018-11-09,67.03601119211488,101.14860355810157
2018-11-12,67.90660010329073,98.15376060202372
2018-11-13,66.3378572008987,97.46092035581852
2018-11-14,67.42744240173722,97.79821493183715
2018-11-15,66.47300140536595,97.30857772177521
2018-11-16,67.25363158564437,98.11661983194983
2018-11-19,65.19865157760123,93.93555198777432
2018-11-20,65.38766657372773,94.54166735746735
2018-11-21,64.70641267306121,94.5061183536975
2018-11-22,64.0787612949617,90.3580819543717
2018-11-23,65.38445925521364,91.99254365660131
2018-11-26,65.22286119663414,94.56709131026231
2018-11-27,65.18680548648902,92.92456102956857
2018-11-28,64.34426172713358,92.97116621629998
2018-11-29,63.860998302788104,90.3617755768944
2018-11-30,62.762709527135996,92.69628364521084
2018-12-03,65.24603620855127,92.27940032326872
2018-12-04,66.13174760203819,91.89640305252443
2018-12-05,66.87262635279022,94.79474255744127
2018-12-06,66.17310949503631,92.58933304173779
2018-12-07,66.14239123344039,97.99527421532152
2018-12-10,64.40891113141268,99.77337030678285
2018-12-11,63.279624464612574,98.28209058712638
2018-12-12,65.66457389584212,99.42359746804479
2018-12-13,66.92543521909194,96.76820814840246
2018-12-14,67.3509410157768,96.95579199158185
2018-12-17,67.0786798709494,96.62555883298745
2018-12-18,67.22154531417736,101.39914978976657
2018-12-19,67.91851865742636,102.14186927446111
2018-12-20,67.33439053747192,103.29893928451727
2018-12-21,65.45548632234377,100.91263861178017
2018-12-24,64.71077475708492,101.55408319654039
2018-12-25,63.29089148373502,99.91290354866005
2018-12-26,63.92828387898225,99.35887985505161
2018-12-27,64.38514309409364,98.45263781922199
2018-12-28,63.15877946206457,96.67282389632928
2018-12-31,64.22348921571621,95.4386647865756
2019-01-01,63.411978407140154,96.36134840532601
2019-01-02,63.43300691027136,95.45274185521419
2019-01-03,62.43081889316003,96.31616161357064
2019-01-04,61.72204957994451,96.38687910143213
2019-01-07,63.589863643276196,94.12179195438834
2019-01-08,63.785273692478405,92.82985426888106
2019-01-09,62.56806557879087,94.40697595774755
2019-01-10,61.04324099712964,94.91876898150781
2019-01-11,62.35032915187217,95.6752973131234
2019-01-14,63.78511374714475,98.33616318901483
2019-01-15,64.83883741169196,95.58353283873356
2019-01-16,64.41718127839256,97.00841464517097
2019-01-17,63.14983103547115,99.68793060828456
2019-01-18,62.14162565815803,102.7767251398105
2019-01-21,59.3374104558523,101.85014857293683
2019-01-22,59.67652482302741,103.90101637888682
2019-01-23,58.9053428207457,103.48293680113133
2019-01-24,57.3139598701791,105.82716144497498
2019-01-25,56.7381553737106,103.74068042965132
2019-01-28,55.471734913112435,104.08314937454143
2019-01-29,53.014193983840435,105.54732856615233
2019-01-30,53.031830737608914,104.97614434833821
2019-01-31,52.787876996639994,102.66146387972319
2019-02-01,52.793837492748814,101.01945532625737
2019-02-04,52.26185247822493,103.8818482518323
2019-02-05,52.439171929992256,107.5447570259243
2019-02-06,50.95156344156277,104.20800022731285
2019-02-07,49.84151122823412,102.49476459842522
2019-02-08,48.8024498424391,102.8422440122519
2019-02-11,48.742761151767326,102.36144499832182
2019-02-12,49.24262210081281,102.45219319292461
2019-02-13,48.09660344778509,104.25172650002024
2019-02-14,49.98818334733152,103.08170987652926
2019-02-15,49.59323374835709,101.40727375779424
2019-02-18,49.2365179623538,100.13989806791103
2019-02-19,49.972457562771154,101.96241771009618
2019-02-20,51.9745296812033,102.8584851751364
2019-02-21,50.874557057251685,104.5591408908767
2019-02-22,51.3764048414701,104.09350922672726
2019-02-25,53.12626054072242,102.09312836904121
2019-02-26,52.13265527628111,100.47492568970777
2019-02-27,51.44888796084692,102.4482620966545
2019-02-28,50.669599416105555,102.51450029418233
2019-03-01,50.19831387967753,99.60272302212888
2019-03-04,49.1999892910903,98.66843648271775
2019-03-05,49.88265494488403,96.64258390234542
2019-03-06,49.878463987114635,96.68984470184806
2019-03-07,50.47531954596243,97.012597397122
2019-03-08,50.54356282882055,95.94242598849353
2019-03-11,50.76034170746317,96.21857129144864
2019-03-12,50.77207527427194,95.43485682338591
2019-03-13,51.461336064596736,95.22060922683154
2019-03-14,51.30903212223869,95.52054294978174
2019-03-15,51.5604389440549,95.89623183864136
2019-03-18,50.92349176856634,95.67049840242822
2019-03-19,51.9530916592151,92.14365762551252
2019-03-20,52.29862053329271,90.82138257325234
2019-03-21,53.433451350170024,90.84075704663627
2019-03-22,53.65437714734276,88.84300968803947
2019-03-25,54.012747344969966,88.52574111833931
2019-03-26,53.939021643653874,88.17110946348025
2019-03-27,54.35906872604671,84.9170050716678
2019-03-28,55.59295601091973,87.61453249368553
2019-03-29,56.23018829176999,86.16533648180011
2019-04-01,56.482734811616574,85.68174726717338
2019-04-02,55.693587468732495,85.3034236968058
2019-04-03,56.30052460110145,85.05736046994257
2019-04-04,54.76224560410071,87.29515770787413
2019-04-05,54.23426647337531,90.86578317465133
2019-04-08,52.93447013425891,93.91853477658665
2019-04-09,52.58906866057602,96.8900578176523
2019-04-10,51.78541042546698,96.53985510631951
2019-04-11,52.104938124581146,96.09891105016152
2019-04-12,52.38923773572164,97.90451317589836
2019-04-15,52.02850566171022,97.09147361634697
2019-04-16,53.99550202084192,95.92051679797
2019-04-17,54.22999296476588,95.87664821662217
2019-04-18,54.90055692361035,96.89784923399642
2019-04-19,56.419063871433124,98.01923954429152
2019-04-22,56.42545313643705,94.91026157206672
2019-04-23,57.32576112529538,94.38129553553972
2019-04-24,58.16273618266738,95.79853827229037
2019-04-25,58.510463333774005,98.80783936019665
2019-04-26,58.312432809307246,97.07495435581991
2019-04-29,57.55101620082262,95.14370848721367
2019-04-30,58.89001041392052,95.293413659858
2019-05-01,58.0453460992119,93.05240599235515
2019-05-02,59.15102591890399,91.62170882014777
2019-05-03,59.03113569324955,91.38390934933194
2019-05-06,60.40127790326706,92.04837285748661
2019-05-07,59.36663398823822,91.56206905486907
2019-05-08,59.330951237599926,91.2683363504035
2019-05-09,58.731180744145526,90.67556605020002
2019-05-10,60.02557375614216,92.00915963095932
2019-05-13,58.54048940237137,93.32023256670101
2019-05-14,57.19004688356386,96.40386519036005
2019-05-15,57.75341389701149,94.7243387046704
2019-05-16,57.088911879662454,91.59935064465094
2019-05-17,58.334748719046885,92.92866066957194
2019-05-20,59.854201883481934,93.60727718513573
2019-05-21,59.94106073624671,91.93491309471257
2019-05-22,60.235776510752295,91.34457017376135
2019-05-23,61.00013524777804,91.29561626390333
2019-05-24,59.705759978253816,89.29183540763883
2019-05-27,58.80901782412258,89.21099303055871
2019-05-28,58.5194200214905,86.47550156309372
2019-05-29,59.84044712557073,84.67665250731598
2019-05-30,60.56683856925171,83.28891945627856
2019-05-31,60.889235543996534,82.96710888216633
2019-06-03,58.705028905996436,82.34081954698611
2019-06-04,59.90447233567786,82.21487687800416
2019-06-05,61.77697264557291,80.5269535977675
2019-06-06,61.01729138870499,80.67448341164851
2019-06-07,59.774126866339955,78.29012303502965
2019-06-10,59.004837676361404,78.37832019211234
2019-06-11,59.21056451939174,77.74405942671787
2019-06-12,59.03455746157499,80.51465254033053
2019-06-13,59.69434246619539,81.50685320636231
2019-06-14,59.0254039358074,82.50151331410108
2019-06-17,58.428382123535684,82.48933336282995
2019-06-18,56.55569153671783,82.99319145337365
2019-06-19,56.96371625863148,82.28741116116342
2019-06-20,57.15931550028816,83.10114472195337
2019-06-21,59.47016481082735,84.84964919760559
2019-06-24,59.514192794367574,84.62685753330952
2019-06-25,59.51724534892346,87.66373240046875
2019-06-26,61.201636838673615,89.08893758998487
2019-06-27,60.88689381082651,90.03803797117506
2019-06-28,62.839916946553686,89.02734386867974
2019-07-01,61.89394224130427,86.92747511107257
2019-07-02,63.39470692576674,88.34087041656558
2019-07-03,63.181610136046594,88.97956141469436
2019-07-04,62.57177902265279,91.17118084849841
2019-07-05,63.23325811086578,88.8011649409321
2019-07-08,62.450963937349854,90.10224043074189
2019-07-09,60.69131969014578,92.98995205194068
2019-07-10,60.79963958814135,91.88236636511593
2019-07-11,61.23769500315563,91.57021885079115
2019-07-12,61.66121434708353,92.33795549564165
2019-07-15,61.04489439254187,88.44219530682177
2019-07-16,61.542787967503116,87.87796073899501
2019-07-17,61.35319718048847,87.5500985439197
2019-07-18,60.011379514223144,88.93787868714304
2019-07-19,59.119507032696895,89.43531876191055
2019-07-22,57.79591029902176,90.86637194645503
2019-07-23,57.78704086798636,90.7436915858961
2019-07-24,59.002624957757305,89.40846457358451
2019-07-25,58.484403653300106,90.9572698578556
2019-07-26,57.71093491108415,92.13471069901435
2019-07-29,56.58468027175333,91.44913434489892
2019-07-30,55.763057900815056,91.25203770192999
2019-07-31,55.31980547606361,92.18934561108566
2019-08-01,55.600068536548726,95.779872812486
2019-08-02,56.97263296156402,98.58982373258387
2019-08-05,54.7125962963666,99.40509849850365
2019-08-06,56.549682974991114,100.58494012303996
2019-08-07,56.49581896519297,103.32694850811554
2019-08-08,56.357057355742086,102.80462413280819
2019-08-09,55.08465784008138,101.98761094024732
2019-08-12,54.4637773394751,104.55298508721494
2019-08-13,54.34019934736805,106.6988909331132
2019-08-14,55.0564074808407,108.88431839336579
2019-08-15,55.048356273185746,108.33756375601645
2019-08-16,52.99455865461361,106.52001557152283
2019-08-19,53.92399002506219,109.46422628377496
2019-08-20,53.70468839091487,111.21118876059897
2019-08-21,53.04104357868002,112.99970217753847
2019-08-22,52.159759941803,114.06976175800139
2019-08-23,52.503872159302176,113.19737753719045
2019-08-26,53.49853305895478,110.97275454876133
2019-08-27,53.50602279392325,111.10111212314482
2019-08-28,53.744463971895,110.9624824976905
2019-08-29,53.357666416259256,115.25378946581709
2019-08-30,54.28399936814351,117.2359021626248
2019-09-02,56.72657874248658,120.13052977299613
2019-09-03,58.33740699388569,123.82710064460103
2019-09-04,56.7226698889165,126.05342869731558
2019-09-05,57.820210495063996,126.6234439591683
2019-09-06,57.92580790688408,123.9177625028717
2019-09-09,57.501992335978365,124.56574794826274
2019-09-10,56.61872211316365,123.48262073260105
2019-09-11,56.904584606997496,125.25277221202427
2019-09-12,57.35144552443819,124.79756994305987
2019-09-13,56.86640452698301,123.49129386078056
2019-09-16,57.247884404276085,126.98571344970087
2019-09-17,57.05091729006299,125.54373316766524
2019-09-18,57.5135372443641,125.76939753226829
2019-09-19,58.13679342797196,127.39462006910335
2019-09-20,58.80447066826791,127.41501016701812
2019-09-23,58.18767606300382,126.36899000468509
2019-09-24,58.803536744744015,128.00606886396284
2019-09-25,58.96392494695266,127.28650819368278
2019-09-26,58.978505909055045,124.92985779673474
2019-09-27,59.95938333413055,124.02732108392438
2019-09-30,59.382530041954205,124.00282132062415
2019-10-01,58.79646681968869,125.07061634681634
2019-10-02,58.4479130523044,125.33597458141547
2019-10-03,58.736383546021735,126.52869593114477
2019-10-04,56.81264772730291,128.73570117997713
2019-10-07,56.64613473133885,130.29553976607906
2019-10-08,57.14291001667782,132.14562003035195
2019-10-09,57.789101373671485,134.61896091830582
2019-10-10,57.83942108651375,138.1354920196541
2019-10-11,57.71731072887815,141.99574459022054
2019-10-14,56.59867987609818,144.7471894716769
2019-10-15,57.410842326689945,146.44042597307268
2019-10-16,57.645193012495774,142.82987193809043
2019-10-17,58.11327573058275,143.36986349419385
2019-10-18,58.66519033472905,143.9658028500547
2019-10-21,57.98095685097247,142.99775685869486
2019-10-22,58.37573213770945,141.9436243946062
2019-10-23,60.90172614128906,142.45395322510416
2019-10-24,59.83982979609779,143.3320482629865
2019-10-25,60.63258339465522,144.4766909105013
2019-10-28,62.5575004507538,147.75860898633368
2019-10-29,63.67008791987567,147.61584728416642
2019-10-30,62.81127910996894,148.0778989231927
2019-10-31,63.63662039782986,144.12314977062354
2019-11-01,64.83540364127684,140.35076764015471
2019-11-04,64.05128279684786,145.02773451933814
2019-11-05,63.970996052194835,147.24426663312684
2019-11-06,63.69299070038956,147.81479553831838
2019-11-07,64.43687434959807,153.1000272088171
2019-11-08,65.56691782343546,153.67538711290533
2019-11-11,65.50497630960483,157.10155900471835
2019-11-12,65.42782564420745,159.8724457444241
2019-11-13,64.87061386345803,156.20321284537852
2019-11-14,64.16901788586998,159.82849128236825
2019-11-15,62.368312830257544,159.95480387717677
2019-11-18,61.86506199863996,162.07374006670594
2019-11-19,62.70077379778371,165.23300540506793
2019-11-20,62.146892608484634,162.09697895059287
2019-11-21,62.495258563311815,171.06789478466442
2019-11-22,63.56483083586032,169.160785195392
2019-11-25,62.39655598592698,170.11869586716978
2019-11-26,63.98907838059037,176.8448730038906
2019-11-27,64.58607778948311,178.0836298809547
2019-11-28,63.61917615661101,178.53821884738397
2019-11-29,63.44210385667228,183.64931561902694
2019-12-02,63.77682888592195,191.04941282809548
2019-12-03,63.759727967825334,194.96020716719593
2019-12-04,63.430922036264604,191.90090692360934
2019-12-05,66.12510495295119,193.41240147311706
2019-12-06,64.51804045594768,196.64626009298084
2019-12-09,63.94881148143782,199.626378891678
2019-12-10,63.489740394610806,200.03430480601813
2019-12-11,65.34880256266808,205.41027333373182
2019-12-12,63.50174461712474,203.8723025917063
2019-12-13,63.729501511271174,196.89926634381808
2019-12-16,63.62729376158276,198.04431285183313
2019-12-17,62.69454982451533,195.68260204452116
2019-12-18,63.95885182230329,196.42233053849017
2019-12-19,64.64312163266113,195.96351365918434
2019-12-20,65.35174597555962,195.3969339206012
2019-12-23,64.92129649017275,196.89724074514245
2019-12-24,64.99588256105802,202.8247205609726
2019-12-25,64.7094148875657,201.2401959145426
2019-12-26,65.68595539705487,199.11036195388027
2019-12-27,66.81556901597841,199.27575860706497
2019-12-30,66.69506817936441,196.15604619354286
2019-12-31,67.15067358610432,193.22757906967848
2020-01-01,70.31937849484571,187.0886720687053
2020-01-02,70.8983128998261,192.83351854480483
2020-01-03,71.89009800390232,190.9172974374419
2020-01-06,73.01380684387046,190.42770026187807
2020-01-07,72.0159419442845,190.4761148531937
2020-01-08,71.28299470789916,191.45572012253032
2020-01-09,71.94357205820587,192.40480523176709
2020-01-10,72.06774594053006,195.6793152345406
2020-01-13,73.17219367843961,198.20181038628746
2020-01-14,74.3214864938323,200.6848947983494
2020-01-15,74.9870826783138,198.18771340039132
2020-01-16,73.96103248133191,205.06812799342543
2020-01-17,74.33140172728847,208.6077066903385
2020-01-20,73.49292423433619,207.36344531744103
2020-01-21,72.0713365101096,211.29395551004413
2020-01-22,73.5142449282375,212.44070675005383
2020-01-23,72.24912036859786,211.99206413099077
2020-01-24,71.94235601951105,210.3774036441815
2020-01-27,70.21421989758025,213.1051515830277
2020-01-28,71.15226478757552,212.5675882378914
2020-01-29,69.12793665205844,214.64426131326675
2020-01-30,69.17033533923167,205.96525302202915
2020-01-31,71.56402634519274,205.70169444377018
2020-02-03,70.65205432210655,203.71236059354342
2020-02-04,70.87548976591084,205.43049193925575
2020-02-05,69.28618504815141,210.95289350425165
2020-02-06,68.84935504482775,214.4166103431933
2020-02-07,69.85639556143244,210.3376854911056
2020-02-10,71.63250499191516,208.8667903633398
2020-02-11,71.63205823814384,212.46043627084947
2020-02-12,71.21631783577438,213.03686043936236
2020-02-13,70.94001111238595,210.9560950361386
2020-02-14,69.2773083758027,212.54065328144895
2020-02-17,67.6576276095779,208.4381240429198
2020-02-18,66.38068194914088,207.02049899538054
2020-02-19,66.19577485381735,197.6575970118963
2020-02-20,66.9885643451743,204.6709117662346
2020-02-21,69.15046967132342,204.83681313524414
2020-02-24,69.9070003361029,204.5773693262908
2020-02-25,68.49891243382623,197.07968263173603
2020-02-26,65.80149545951403,202.33065006130923
2020-02-27,65.35572796782586,205.39176277393267
2020-02-28,66.31585183792821,206.35528766035782
2020-03-02,66.71105175187184,205.05211247757865
2020-03-03,64.12465223506032,201.23942438473063
2020-03-04,64.49975156302403,197.99902060945402
2020-03-05,64.59223935517963,199.86068109601834
2020-03-06,65.38854297436899,193.27701495166588
2020-03-09,64.69180120093749,189.29737143919394
2020-03-10,66.33916569480665,194.76841641286913
2020-03-11,66.19310639762236,194.92214338211778
2020-03-12,65.3939807720837,194.4823431265389
2020-03-13,64.81621359931225,195.19691464138185
2020-03-16,63.373762182238984,192.92762156271388
2020-03-17,62.53614162064877,189.14042002369837
2020-03-18,61.80583580480433,189.16254888264035
2020-03-19,61.36597089004708,198.27472316953487
2020-03-20,62.23686226596493,211.6063228363289
2020-03-23,62.41813847153408,209.4984005612246
2020-03-24,61.637907677116985,211.26658468660273
2020-03-25,61.939643259348315,215.92887776197082
2020-03-26,62.177089645743024,223.58327057896906
2020-03-27,60.53728621682387,220.16089947295828
2020-03-30,59.860617644100444,218.84326635584793
2020-03-31,62.17675726987136,219.87728792347048
2020-04-01,60.74196874577482,209.9602923689098
2020-04-02,60.26227798283651,213.69208907672925
2020-04-03,62.29900954160008,212.85507767779794
2020-04-06,63.50055215804491,209.3275884697379
2020-04-07,63.70161406528449,203.3106933973959
2020-04-08,65.90772981245937,199.2158350771822
2020-04-09,66.42722554184196,195.31434721253768
2020-04-10,66.92452325904091,195.4626791297084
2020-04-13,69.00698022273363,193.65428257064295
2020-04-14,69.81723423529486,195.52121878507404
2020-04-15,69.61511260869779,196.6684737102936
2020-04-16,70.0826755351065,192.8519226408534
2020-04-17,71.69198577644035,195.1502503435211
2020-04-20,70.55559033415688,197.28982195638636
2020-04-21,71.42262405178343,193.29872150028234
2020-04-22,71.5324154153944,195.40264143842853
2020-04-23,70.2472789259547,195.23042914848295
2020-04-24,71.21989736041539,185.77194483490717
2020-04-27,68.83259642933207,185.16535563577708
2020-04-28,67.11724864564687,185.3093397830639
2020-04-29,68.39004697504299,184.9971701968673
2020-04-30,66.12965344138186,190.1013855774585
2020-05-01,65.72578113825037,199.54861027166194
2020-05-04,65.70759494214114,196.846600954123
2020-05-05,64.89023978794752,200.90621253252078
2020-05-06,64.46357195434962,200.3023887405211
2020-05-07,63.600364221297326,195.77723042554658
2020-05-08,62.05461961667529,191.01598179967988
2020-05-11,62.64359267068221,186.85616774229092
2020-05-12,62.95928496979226,191.47355969517213
2020-05-13,62.347497806383664,186.23072211745279
2020-05-14,62.31836373315109,181.6379919851455
2020-05-15,62.9219077524899,181.5180064789154
2020-05-18,63.13727099817387,182.40500722821773
2020-05-19,62.88372662429219,178.68292409245024
2020-05-20,61.41805485584111,178.28561447870607
2020-05-21,58.17698551288241,178.4411134156275
2020-05-22,58.28202015126694,177.3076829989995
2020-05-25,58.18402543559465,176.38495644363726
2020-05-26,59.592654243728674,168.79820598845006
2020-05-27,59.65480459811408,169.30057362158746
2020-05-28,60.45996084273705,163.45184280976036
2020-05-29,61.07960366888501,164.7181156096773
2020-06-01,61.787922426964464,170.37121815170642
2020-06-02,62.024580700217996,172.28212948995056
2020-06-03,63.98945908186683,170.31068532280338
2020-06-04,63.78524408254259,168.5728838422584
2020-06-05,64.11680006279147,166.55642733824786
2020-06-08,64.72564178635847,161.46734519020225
2020-06-09,65.22588399116586,157.77675312503382
2020-06-10,64.34138710846632,158.39584737076683
2020-06-11,65.06103306319918,160.69416777643545
2020-06-12,66.44060540796708,158.72542615509968
2020-06-15,66.20514211250405,161.17786541108848
2020-06-16,67.34307940059709,155.25779826965783
2020-06-17,66.8954593177318,157.74328032926232
2020-06-18,66.65708649651586,159.53335276031075
2020-06-19,68.52197904289854,158.15036168734937
2020-06-22,69.16066701277558,158.28851404283543
2020-06-23,69.17598136722188,159.2602408012475
2020-06-24,71.55289045370543,163.8375245515516
2020-06-25,69.31233461944687,166.19778941609826
2020-06-26,68.41261370593516,167.10225256007155
2020-06-29,69.13718716998375,166.22232559680944
2020-06-30,67.02716695819913,163.32489918741663
2020-07-01,66.48239880224125,164.74240024545068
2020-07-02,65.03297282427506,163.25515693836743
2020-07-03,64.93595101508616,166.72203093394234
2020-07-06,63.39963833800826,170.57496779091522
2020-07-07,62.627196322324046,171.0700331478841
2020-07-08,61.16520378180595,174.6721312355992
2020-07-09,61.34569756615251,175.29184787347998
2020-07-10,60.98234917378459,176.40327195217392
2020-07-13,58.07374336261246,176.15105033243228
2020-07-14,56.644332171869436,173.4286296120903
2020-07-15,58.25242093976561,172.70951375373127
2020-07-16,58.491393454200995,173.99021514713715
2020-07-17,59.27845905939804,170.83452150222254
2020-07-20,58.86040406993909,171.93626506096783
2020-07-21,60.90729405067803,175.66435418416862
2020-07-22,61.62393901854584,172.5752790802227
2020-07-23,62.02294945438858,170.0118901968024
2020-07-24,60.58391024233329,172.98779747495342
2020-07-27,60.99945549471888,174.29287055903202
2020-07-28,59.39616071298546,171.78171939121125
2020-07-29,57.53978250524554,169.13816231109882
2020-07-30,56.81405379609144,166.3706126754257
2020-07-31,57.022595764878666,166.35002823967352
2020-08-03,56.394509180672024,166.56958817475913
2020-08-04,55.779914470508274,165.07476753007143
2020-08-05,57.49790391576942,163.55776430439212
2020-08-06,57.157575644348064,163.34838653703704
2020-08-07,56.76880071714591,168.43336188993752
2020-08-10,57.37100119982584,171.08610377156742
2020-08-11,56.60223794661795,166.64620034530702
2020-08-12,56.301396597243,167.3904338528292
2020-08-13,55.61990948592178,167.5131104765803
2020-08-14,55.3924377682656,167.17028334403753
2020-08-17,55.36062996284606,165.63725879453605
2020-08-18,54.854818606228015,169.15861051735186
2020-08-19,53.39843912767485,173.9791365282294
2020-08-20,52.57200993312196,169.44353970281503
2020-08-21,52.72081595679226,173.06533686042778
2020-08-24,51.37066573384216,171.58284652000594
2020-08-25,50.76593267932622,165.7165182142039
2020-08-26,50.86739304575428,165.75868543992195
2020-08-27,50.26694812292239,168.70210521242737
2020-08-28,50.16705514256165,162.2008845952922
2020-08-31,51.4077038028885,164.16963807716294
2020-09-01,50.16973681193554,163.2351714464994
2020-09-02,50.74249891106153,163.49097133870694
2020-09-03,50.21008869197215,166.47968539087688
2020-09-04,49.30772997870559,164.76811623739357
2020-09-07,50.185713571429815,164.41986719430332
2020-09-08,49.76173341428278,164.59877803507308
2020-09-09,50.27194915733982,167.92149359946052
2020-09-10,51.63273240872825,172.38136471396473
2020-09-11,51.081052749935715,176.0714334097187
2020-09-14,51.90096924405203,173.35625518512825
2020-09-15,53.064160427574734,172.9374515369846
2020-09-16,53.538865909711475,168.33317860746763
2020-09-17,51.61476160099606,165.52406649477135
2020-09-18,53.116350113207254,167.71377933591737
2020-09-21,51.735578461655564,163.8631495608384
2020-09-22,51.10167427669253,161.68611774017174
2020-09-23,49.944885735649926,160.74112538865214
2020-09-24,50.345540177290204,156.27918278731386
2020-09-25,49.646810973015604,157.85518386958393
2020-09-28,51.127417283648576,160.76355128117035
2020-09-29,50.254284105622176,165.52141297241658
2020-09-30,50.70671486459948,169.48698850973764
2020-10-01,50.608378134247374,170.1739944000621
2020-10-02,50.85454446628025,170.42421008387547
2020-10-05,49.962178291908714,170.96735787817508
2020-10-06,48.631393148929675,168.2286893512576
2020-10-07,47.706215463319054,171.02672492994353
2020-10-08,48.25954053578566,176.42581701420767
2020-10-09,46.964026817405994,176.36014292197052
2020-10-12,46.70606832430715,179.49284966459717
2020-10-13,47.82183932628975,176.8667293677855
2020-10-14,47.01684719382128,178.85830160224793
2020-10-15,46.86382726193007,181.82362560830518
2020-10-16,46.73546069220224,181.65369650660512
2020-10-19,46.64987223855617,184.54430954073618
2020-10-20,46.876118781009566,184.40182410239214
2020-10-21,47.55562330017812,189.54588445542333
2020-10-22,48.38419636652159,190.7322252213984
2020-10-23,46.817570293050025,187.85825920082794
2020-10-26,46.03290007925505,183.709200742106
2020-10-27,45.28361272126617,179.6600267347765
2020-10-28,46.1650070165717,176.75458159857428
2020-10-29,46.314716055339886,173.75240964532242
2020-10-30,46.98245537060416,173.84695324004812
2020-11-02,46.34594110811959,174.57136883768405
2020-11-03,46.09270100524332,170.26238229776135
2020-11-04,45.625356023498455,167.2012964964425
2020-11-05,44.760356613920436,174.51802612525594
2020-11-06,44.7676941383193,176.58838297862403
2020-11-09,44.19303621983611,170.92732252813025
2020-11-10,44.93546677863199,169.21085383868618
2020-11-11,44.50720682346885,168.24664137675785
2020-11-12,43.70836678776763,165.88463432402807
2020-11-13,42.363818011263824,165.910280322891
2020-11-16,41.838331846072094,165.06262626895332
2020-11-17,43.14635004035468,167.53853049931828
2020-11-18,43.10489212422539,169.36938826607295
2020-11-19,43.644152198214826,169.52026939288115
2020-11-20,43.87590438261035,171.7421491324676
2020-11-23,43.07122688758261,172.28716307381103
2020-11-24,43.80124149097311,170.27029181965096
2020-11-25,42.6781244742597,172.67683986708974
2020-11-26,42.53107883953603,172.09112574309214
2020-11-27,43.72236921225474,173.0430817202156
2020-11-30,43.334345605383604,169.8686409066662
2020-12-01,43.61913624000166,174.8476921500925
2020-12-02,42.47926093284549,175.29393196043094
2020-12-03,42.060305030436965,171.70623432275707
2020-12-04,42.17370543193414,169.98381378982756
2020-12-07,42.46404030107661,174.39596709947375
2020-12-08,41.46534877511811,175.52203931787014
2020-12-09,41.013702341982935,178.0589718616364
2020-12-10,40.66823045603153,180.01499460914948
2020-12-11,40.46036610826298,182.8544315919177
2020-12-14,41.11167783207019,184.83044865452155
2020-12-15,40.59038904578332,184.07859441127258
2020-12-16,40.3730907299589,180.6726520010221
2020-12-17,39.826354535576215,180.99046495853239
2020-12-18,39.43497287831206,174.59352664761647
2020-12-21,40.194056690822705,178.2437351903041
2020-12-22,40.79192245508513,172.87836716032928
2020-12-23,39.90702789814555,176.86080376190895
2020-12-24,40.860365746401214,173.16453662444331
2020-12-25,40.98791165435209,167.5469210994863
2020-12-28,41.97895826083686,171.63314239901382
2020-12-29,42.176821381113136,174.22626130385103
2020-12-30,41.17082602907914,175.59499851210018
2020-12-31,42.10405639792921,171.1055649402471
2021-01-01,42.19474354030942,172.60988507213327
2021-01-04,41.00180940093247,169.7095601101014
2021-01-05,41.243682078662665,174.53785104239293
2021-01-06,41.968888112120524,173.54761819176443
2021-01-07,41.80478876517876,171.14896830375193
2021-01-08,42.355012386004454,172.4074659027314
2021-01-11,41.94963314503594,173.54218290835766
2021-01-12,41.59209701522374,168.1069199159098
2021-01-13,41.0704985778163,172.41105986054427
2021-01-14,41.26215978052089,172.9884863267659
2021-01-15,42.51505932504445,177.21640259743924
2021-01-18,42.99397733161241,179.1385671403797
2021-01-19,42.04784382292983,183.4289758227706
2021-01-20,43.14860412489186,187.5333904163812
2021-01-21,43.77614917920773,185.08999631778482
2021-01-22,43.999468428789456,183.03860459972668
2021-01-25,43.44929441316534,188.55504958403864
2021-01-26,43.461032244409324,194.61225016523798
2021-01-27,42.061127088264385,201.50332763369482
2021-01-28,42.92892751903307,209.30755946986733
2021-01-29,44.57902697817706,213.41274582210076
2021-02-01,44.55175385729814,213.66699888083642
2021-02-02,44.76401422952499,204.73686347447958
2021-02-03,45.011539445620485,206.0588859400936
2021-02-04,44.824585448924694,206.21188503948366
2021-02-05,44.15658413326626,210.23739328563988
2021-02-08,43.95549949841707,208.03477099083963
2021-02-09,43.884840351684645,209.8839658875714
2021-02-10,44.32829201805049,203.76299599165299
2021-02-11,43.45949888924034,203.87879755814168
2021-02-12,43.13979197389151,203.99710915676474
2021-02-15,42.805374065900956,207.5810848140924
2021-02-16,44.11063614633902,205.25906622807386
2021-02-17,43.767555893232576,210.07271693588393
2021-02-18,42.59587604891732,212.53124809276935
2021-02-19,43.56044914240702,212.22352468411657
2021-02-22,43.236213364970034,214.2595499677824
2021-02-23,43.01995795002633,215.50927839249835
2021-02-24,43.18454476752615,213.97160271608183
2021-02-25,43.032259374422594,207.19918170980597
2021-02-26,43.430522476436984,206.03991413620437
2021-03-01,43.37371895081041,208.1730409290091
2021-03-02,42.70829487816902,210.160675110905
2021-03-03,42.37314333523688,208.268557918548
2021-03-04,42.178120827119855,212.57077165459341
2021-03-05,41.830795703612786,209.8836164120941
2021-03-08,42.23171594206902,220.19751106894077
2021-03-09,41.0550519869243,217.97250533590108
2021-03-10,41.922765602262984,214.17816744928032
2021-03-11,42.3174243150963,217.49145947302776
2021-03-12,41.674731884090896,222.58627175279423
2021-03-15,41.9152971113197,224.52441041869838
2021-03-16,42.34603095089682,233.16655901357626
2021-03-17,42.544472519374516,233.78576219595186
2021-03-18,42.5325785294057,236.2115244533005
2021-03-19,41.83271517754883,233.007546813447
2021-03-22,41.58765690517008,232.20199537453556
2021-03-23,42.47105627177723,234.50824442349312
2021-03-24,41.43504799117396,236.34191580866352
2021-03-25,41.09082722233188,235.59303359431027
2021-03-26,39.25302383452197,232.45403811239152
2021-03-29,38.5504007108572,234.93295751101545
2021-03-30,39.966748023918385,231.60317317801645
2021-03-31,39.34703802586865,232.12814847920868
2021-04-01,40.26540832168593,233.40764062303683
2021-04-02,39.69217469705997,227.89559350383914
2021-04-05,39.24369167596058,230.55366052493576
2021-04-06,40.59749213984936,228.65871564863244
2021-04-07,41.87699363572517,231.52410567852687
2021-04-08,41.33223861174921,223.70431845665192
2021-04-09,40.73625644826464,221.5304095013595
2021-04-12,42.72482183346649,211.17589121299176
2021-04-13,42.52457299606383,217.70492047003214
2021-04-14,40.59982426216172,217.6667633309035
2021-04-15,40.80401320805398,219.0374499099265
2021-04-16,39.77893754602306,219.5846801416137
2021-04-19,40.56117261705227,225.38686577485385
2021-04-20,40.06031459002402,226.62423478896213
2021-04-21,40.690583167300026,228.88047906628427
2021-04-22,40.85626246139552,224.04805408168124
2021-04-23,41.18342660361001,226.57644999068134
2021-04-26,41.15920728505064,223.14290811301527
2021-04-27,40.832848856381915,223.66591433481793
2021-04-28,42.094641585166436,230.38880390317368
2021-04-29,40.889501605393974,238.55280055363974
2021-04-30,41.73661808556217,241.08083047528802
2021-05-03,40.98489329326594,238.5499048479593
2021-05-04,40.33873303262133,236.46125445244743
2021-05-05,41.434056212827116,243.98197656842223
2021-05-06,41.402000733293335,249.07341377983752
2021-05-07,40.47998623720521,241.8912742365537
2021-05-10,39.86560006540691,244.18558617298265
2021-05-11,40.20394984156661,244.34978395151046
2021-05-12,40.27793382847005,244.1694845398482
2021-05-13,40.207496729508954,245.28660556342055
2021-05-14,39.72271645517785,248.69368940115714
2021-05-17,39.66290344471548,245.61081131464314
2021-05-18,39.61904585684515,244.8650337410598
2021-05-19,39.84567260680084,242.30203764552363
2021-05-20,40.19513960608727,242.94239896043888
2021-05-21,40.57326434233478,244.3312281076455
2021-05-24,41.693737853977765,244.24826176989518
2021-05-25,40.84914607630797,251.89091314288436
2021-05-26,41.4249023591817,250.0345515748119
2021-05-27,41.11247565486953,242.847255607188
2021-05-28,40.70835518452692,245.2285168727938
2021-05-31,39.14362967692694,249.32440085079284
2021-06-01,39.321388751530534,249.40955831693756
2021-06-02,39.01058607389401,245.0231323624345
2021-06-03,38.142498755066335,242.1066097793505
2021-06-04,39.082083468985054,241.4833591196299
2021-06-07,39.61594097013527,240.01516003052592
2021-06-08,39.6048103594994,238.92726167579167
2021-06-09,39.94976791513427,232.06855885853392
2021-06-10,40.33696165425,224.7798696258896
2021-06-11,41.37953444359189,226.20658995951158
2021-06-14,41.459898342500246,220.8721633883938
2021-06-15,41.19033733085055,228.53631944144973
2021-06-16,40.68607073566843,233.915284365586
2021-06-17,40.92192423341726,231.73631044290556
2021-06-18,40.99456745980255,239.64209875698356
2021-06-21,39.74317856504632,242.2598847331201
2021-06-22,39.52793860341245,237.2964944626715
2021-06-23,39.79342766532398,235.4189747717169
2021-06-24,40.625300130546066,237.90507800505992
2021-06-25,39.892776908108615,238.78132846527674
2021-06-28,40.14070760278585,240.82069498327195
2021-06-29,39.974217005152575,232.73442352056182
2021-06-30,40.11955902521947,235.9004199961689
2021-07-01,39.53698022004434,236.7972410002405
2021-07-02,39.423995510312096,240.5985301484598
2021-07-05,39.05294162219681,236.10885898614086
2021-07-06,37.711871829358785,246.3618564481413
2021-07-07,36.89391928267849,243.5945529640928
2021-07-08,36.32771489690331,245.7205913444025
2021-07-09,36.161194955596194,245.94066085099195
2021-07-12,36.226717795302484,246.16934150832918
2021-07-13,37.67212527901354,244.9835275067755
2021-07-14,37.319065688606635,242.13391331728297
2021-07-15,37.686739376876396,245.0904184846822
2021-07-16,38.08030534197503,241.02697534655172
2021-07-19,38.302101374917626,240.55788355775084
2021-07-20,37.58215716272354,247.76273041035722
2021-07-21,37.655528931445254,245.17667713759167
2021-07-22,37.88580414036833,245.23217385725647
2021-07-23,38.475465521507175,247.3025708944622
2021-07-26,37.527642268781165,247.5839933593133
2021-07-27,36.84412794873621,246.85731596716224
2021-07-28,35.98836643270522,241.07958869256223
2021-07-29,36.31529612739443,239.80023643365766
2021-07-30,35.294158218229654,241.64041008392132
2021-08-02,35.22300965292894,238.61328300616785
2021-08-03,35.36888183396234,242.28505416752458
2021-08-04,36.04780603547425,234.99657490528259
2021-08-05,36.45697293291446,228.22462621463572
2021-08-06,36.73222424070991,224.88426927660385
2021-08-09,37.28821913571244,226.70817623620374
2021-08-10,38.15714954933909,229.81399792431716
2021-08-11,38.16474410929864,228.4396817966893
2021-08-12,37.656631180560225,229.3582382875186
2021-08-13,37.4519035532399,227.2217551321632
2021-08-16,37.15510059816988,226.36333238649684
2021-08-17,38.35723581652764,218.64228159014223
2021-08-18,38.40982517100527,221.25590091089796
2021-08-19,39.27098518593064,223.36209000162117
2021-08-20,38.93459350047148,219.27829535649778
2021-08-23,38.62303237677786,217.19904706528328
2021-08-24,39.33709434363064,217.90846396742643
2021-08-25,38.80759776075087,211.91187909456238
2021-08-26,38.837650701874324,218.282657098375
2021-08-27,40.1313226102563,222.86924479398473
2021-08-30,40.01538866570627,222.27109727802934
2021-08-31,40.14135394793635,224.5758170636689
2021-09-01,38.9785532254014,225.1667384386027
2021-09-02,39.2950541883515,229.3768675299063
2021-09-03,39.336493096766034,230.72526639867257
2021-09-06,39.48933430973702,236.5457229841692
2021-09-07,38.92425494324095,238.54227584940966
2021-09-08,37.87438303585059,232.25872285321023
2021-09-09,38.418698145116174,237.3129687867248
2021-09-10,37.11257401022707,239.20667676885492
2021-09-13,36.316827195745134,241.30282163730982
2021-09-14,36.37460076750132,241.48290511089064
2021-09-15,37.05540996050914,234.9804263161177
2021-09-16,36.99688287252772,235.89452514075802
2021-09-17,37.32236234694915,230.6572514747364
2021-09-20,36.889100803576895,232.51529662091536
2021-09-21,35.622662212436715,231.77332317914505
2021-09-22,37.19032229844943,232.7735536827007
2021-09-23,36.974857032020665,234.51253872047414
2021-09-24,37.1535456332625,235.97000926442408
2021-09-27,37.25779195124416,239.1046875539643
2021-09-28,36.64862621677437,244.44548942552117
2021-09-29,37.51437813276166,245.2341887421072
2021-09-30,38.10176790902015,244.24454048693343
2021-10-01,38.58863297737944,248.47007940115478
2021-10-04,38.42922610761928,247.2483021649811
2021-10-05,38.52126052599824,249.1184631346473
2021-10-06,37.379577168857686,250.03965235657503
2021-10-07,37.079208579088764,242.66172112628712
2021-10-08,37.08598059671502,234.7370232775674
2021-10-11,37.3872882625,240.91669243491813
2021-10-12,37.30335301576467,230.28811361450607
2021-10-13,37.445726974464456,228.82251167615377
2021-10-14,36.56296263495942,232.31561138502371
2021-10-15,37.29293977991071,233.65810050482494
2021-10-18,37.19486987466118,232.75822949932186
2021-10-19,37.85523752400879,237.68919979014424
2021-10-20,36.22328886263856,231.84391610178585
2021-10-21,36.010056408448406,228.85780723334938
2021-10-22,36.02830447495743,225.78769439646464
2021-10-25,35.251698332811536,229.99225345978434
2021-10-26,35.96183631309276,226.66196169684343
2021-10-27,35.35941675082441,228.27166667130834
2021-10-28,35.653279490520774,228.44800591295837
2021-10-29,36.114432008285384,236.52322142079205
2021-11-01,35.5230392819969,233.56778971580005
2021-11-02,34.664769767191366,233.22757607978596
2021-11-03,34.424881844362886,232.08862647796337
2021-11-04,34.078914058889985,236.64891606217435
2021-11-05,33.85583631035567,237.22319761586905
2021-11-08,34.12991015182675,241.7454560614492
2021-11-09,34.771846454764415,240.27862376415328
2021-11-10,35.26791190399242,241.79515928004182
2021-11-11,34.21171777253728,234.43312054052527
2021-11-12,34.84679867041116,228.83404129045564
2021-11-15,34.13456205357348,225.0440478952523
2021-11-16,34.00407855072293,230.39533556327504
2021-11-17,33.24864688167938,223.12141021001722
2021-11-18,33.49653874572479,225.17104731498017
2021-11-19,34.250774544214046,233.56354592626548
2021-11-22,34.89526411301033,240.58772415059917
2021-11-23,35.08725357161022,237.64571007877768
2021-11-24,34.75012774392879,243.65321220313416
2021-11-25,35.235708809909106,238.57013773534194
2021-11-26,35.452224779499225,236.8611105064611
2021-11-29,34.66883058082365,239.47951388360175
2021-11-30,35.43097082462204,234.26774711042464
2021-12-01,34.04846901344866,229.29767144319922
2021-12-02,34.37081843900989,228.53504041729252
2021-12-03,33.6445596011974,227.0950037604699
2021-12-06,34.022519804456074,222.27201266959926
2021-12-07,33.51454225301722,230.96412783346364
2021-12-08,33.70828235872786,232.38087252548507
2021-12-09,33.456414263673864,227.43615236265063
2021-12-10,33.2540736485555,234.89855799095312
2021-12-13,33.62275567711974,235.76585689388503
2021-12-14,33.37374856888146,231.36480805678826
2021-12-15,32.57840918080584,236.9770928303075
2021-12-16,32.89129273114283,232.76636144028592
2021-12-17,32.739118646932546,230.6793114954158
2021-12-20,32.67428575202832,228.79186865528612
2021-12-21,33.61494915923743,226.18976775381455
2021-12-22,34.06894799066235,233.7606017409068
2021-12-23,34.707763353289494,238.30558183276014
2021-12-24,34.40135959287881,236.50090461469134
2021-12-27,34.88090849003759,232.1974292292348
2021-12-28,34.77293293404349,230.04086937117606
2021-12-29,34.87242945722029,227.35373565381443
2021-12-30,34.448930369135034,230.3021906236194
2021-12-31,35.29644934268092,236.65563572399782
2022-01-03,34.98475690948451,241.3928431772067
2022-01-04,34.92483556275409,243.2681514359641
2022-01-05,34.116216145879974,242.14018849167812
2022-01-06,34.778031409060816,242.37941075848306
2022-01-07,34.51885986711988,244.11308371711698
2022-01-10,34.873146625678366,252.35196220877424
2022-01-11,35.788349450687,250.39432381083827
2022-01-12,35.51132619371946,249.865058500398
2022-01-13,36.94124935183468,255.24003374993026
2022-01-14,36.57120640304273,249.964332471132
2022-01-17,36.804819855143194,252.91102326821394
2022-01-18,36.18754898918694,244.70700487133465
2022-01-19,36.770252770100306,239.95100263918553
2022-01-20,37.010674778452405,243.58051154258553
2022-01-21,36.51231610371435,242.42491516685254
2022-01-24,36.73290121215128,239.82387350146806
2022-01-25,35.592637982801484,242.25936008809063
2022-01-26,34.94028667882114,237.84841780621468
2022-01-27,34.656470608220374,234.87006772611275
2022-01-28,34.25825923980201,240.741893448971
2022-01-31,33.7574537926002,244.7223403306728
2022-02-01,33.96913438561545,242.19422132747104
2022-02-02,34.50829445883766,238.2653110896866
2022-02-03,34.14531234131252,238.9136794394082
2022-02-04,34.273232206720216,232.82671791841426
2022-02-07,34.21285909753962,231.2679639464997
2022-02-08,34.12192265804262,228.6038340400452
2022-02-09,34.74352753041885,227.50436574967853
2022-02-10,34.8625579984676,228.22446932853106
2022-02-11,35.31902642094979,233.13929953257733
2022-02-14,34.584049425812296,237.23891527251834
2022-02-15,33.41199734807278,241.88878855216376
2022-02-16,33.46016836479761,248.16939641522447
2022-02-17,33.68783786196809,251.99595724700873
2022-02-18,33.52848230294997,257.84449058279085
2022-02-21,34.028889377714265,257.29393416574004
2022-02-22,33.602929736501835,253.83513036472328
2022-02-23,33.740306880905855,250.7003587861423
2022-02-24,34.60454063468116,251.9256151501271
2022-02-25,35.25592260410303,254.74059066395887
2022-02-28,36.83772563496139,255.38243277539124
2022-03-01,37.06331805034334,251.77224067589648
2022-03-02,36.32729053805561,263.84121610929947
2022-03-03,35.36589968219252,260.41622457921727
2022-03-04,35.48335781469652,261.1002687208038
2022-03-07,35.280806723702,266.09586871397346
2022-03-08,35.81892833119971,259.83691859862387
2022-03-09,35.2555122809252,264.38995908543853
2022-03-10,34.18150227721255,258.8963600677798
2022-03-11,34.57300693516085,263.9180227731608
2022-03-14,34.615832706312275,263.5579945666518
2022-03-15,33.62810816013771,268.7271384212873
2022-03-16,33.70163943083074,262.7347102516485
2022-03-17,33.22554469049956,260.76364973510545
2022-03-18,32.52252727135104,259.72862546811865
2022-03-21,32.52946211095418,263.60416773133517
2022-03-22,32.81711394547073,262.2678359387179
2022-03-23,32.66149392995205,264.1224827191056
2022-03-24,31.213062108911775,258.5428451574927
2022-03-25,30.241919698712852,254.48141252435101
2022-03-28,31.43611596722007,254.35059345944782
2022-03-29,31.3661181227981,257.1348298507605
2022-03-30,31.306878804413437,251.2406041971844
2022-03-31,32.79272753622433,250.9208344347352
2022-04-01,31.564316074798942,246.15581800020104
2022-04-04,31.81153643179001,242.12479770570286
2022-04-05,31.747673143845244,242.68407602495844
2022-04-06,31.36839556615185,245.12615544091187
2022-04-07,31.483071924416265,246.31319483143324
2022-04-08,31.31959165495122,246.31819486048292
2022-04-11,30.1444623346706,247.0912001349166
2022-04-12,30.44849613279729,249.3285914378753
2022-04-13,29.815470675600867,248.50320068876468
2022-04-14,30.222515855843078,247.29604890221432
2022-04-15,28.720238109375007,242.23507488458787
2022-04-18,27.87342115340301,237.76482903163443
2022-04-19,27.663785261079568,239.4010085417868
2022-04-20,27.66011995285849,240.49716726344533
2022-04-21,28.161028683580888,242.9557434876095
2022-04-22,27.69952716524852,244.02913275368923
2022-04-25,28.280321088542582,249.08405630168994
2022-04-26,28.45452281895564,251.13247060026652
2022-04-27,28.193351041401446,252.99668948835932
2022-04-28,28.31968559443498,252.80182599434534
2022-04-29,28.25123310748342,255.33996880936544
2022-05-02,27.6102012395416,254.2653260029434
2022-05-03,27.665846634791198,255.36245850374496
2022-05-04,27.656260598047638,263.11581301222947
2022-05-05,28.082764283918866,261.84941036351876
2022-05-06,28.777695777105777,268.6984170605336
2022-05-09,28.832246307719636,267.21915779265953
2022-05-10,28.476912661181338,265.73663412960343
2022-05-11,28.588064837491004,264.05195803732585
2022-05-12,28.512290246448444,268.5210634874425
2022-05-13,28.461340556474774,273.0466918538707
2022-05-16,28.052355641144963,274.38042427734024
2022-05-17,28.437285250659308,276.30255188394034
2022-05-18,28.809796663274604,277.9503491511576
2022-05-19,28.548598006196237,278.54719506766304
2022-05-20,28.285587554515132,286.93598943955857
2022-05-23,27.626872374745545,285.55117362765685
2022-05-24,26.906742933646747,289.06341213834537
2022-05-25,27.34824669667262,291.2378476044176
2022-05-26,27.127536450474963,291.16793290200206
2022-05-27,26.792779383408146,293.9173833955735
2022-05-30,26.811162049068933,294.2386025710169
2022-05-31,27.03811113095434,302.81348027674954
2022-06-01,26.477967422465824,295.77588988711415
2022-06-02,25.811601634367328,302.8007532660814
2022-06-03,25.682345180993423,301.8510067663233
2022-06-06,25.37976658817267,302.6704942756895
2022-06-07,26.779367652623026,301.94642332483215
2022-06-08,26.886682585183376,293.22855467274576
2022-06-09,26.87785252239368,300.3440543590502
2022-06-10,26.189870123607427,306.4625710696392
2022-06-13,25.86681354273474,304.0260800873643
2022-06-14,26.31523607360334,304.8550785211012
2022-06-15,26.029405592790678,301.8647391637253
2022-06-16,25.889971008956042,302.548531838073
2022-06-17,24.505933264609236,305.71164184197863
2022-06-20,24.511636067357937,301.15856039033906
2022-06-21,24.13504253967791,302.0549634432557
2022-06-22,24.788714965785918,298.4548479560742
2022-06-23,24.092994596041457,296.67638957803507
2022-06-24,24.083367722375836,302.9694788283408
2022-06-27,23.823470462502396,305.17832668509675
2022-06-28,23.852765164835844,316.046079425958
2022-06-29,24.22848847772418,318.53199951598145
2022-06-30,23.861989053444866,314.95878309124146
2022-07-01,24.019536109554245,313.4282285314514
2022-07-04,24.057187295290774,317.405146940559
2022-07-05,24.285107124117125,325.1218821865674
2022-07-06,23.74811287755576,325.3283553496157
2022-07-07,23.445751611524955,327.90392131692545
2022-07-08,22.690542597257235,323.9252148774092
2022-07-11,22.97133894862148,324.05319327537194
2022-07-12,22.49536621290857,311.5910759582159
2022-07-13,21.932382945359585,312.4791888206251
2022-07-14,21.555676335574454,314.10074085302426
2022-07-15,21.71880265365956,306.18552791346747
2022-07-18,21.94563720871111,308.96552788833134
2022-07-19,21.477759187426543,309.8714953388537
2022-07-20,22.06311773295433,312.57242110774297
2022-07-21,21.84671766476145,318.5579285280346
2022-07-22,21.74005000539034,314.9843034269452
2022-07-25,21.749042953490985,312.7942722998717
2022-07-26,22.33058405182823,317.9212466896757
2022-07-27,22.23186610036214,315.4169520711877
2022-07-28,21.836041318099902,315.8233563822214
2022-07-29,21.73265927187451,310.0507506093131
2022-08-01,22.114376355565902,310.125019518792
2022-08-02,22.122680061139626,311.1827833333988
2022-08-03,21.908739075303156,311.27709280470737
2022-08-04,22.08406820466875,305.91120239310743
2022-08-05,22.02973733700299,311.9619342577299
2022-08-08,22.25396292304517,319.5537524137692
2022-08-09,21.952264733995413,318.24041618512206
2022-08-10,21.827035378352186,317.0435948532263
2022-08-11,21.85121074049356,311.727456250487
2022-08-12,21.651479558379673,312.7175624251222
2022-08-15,21.74282809565972,314.5757832374139
2022-08-16,21.931996003488834,319.66757984331923
2022-08-17,21.67566275547158,316.35908707508537
2022-08-18,21.4920651205353,318.2767468872021
2022-08-19,21.35266049663199,322.81220906622417
2022-08-22,21.419577122209343,326.2454563621124
2022-08-23,21.325380283054965,324.92019828783714
2022-08-24,21.18574325821892,316.4194538392772
2022-08-25,21.23483452366418,318.99168299564207
2022-08-26,21.250541651316894,322.87991195637903
2022-08-29,21.628721858997295,319.4991452880788
2022-08-30,21.561980288832224,316.148352630834
2022-08-31,21.194965795251388,320.0582712751193
2022-09-01,21.661979137457024,316.50861796605415
2022-09-02,22.068753755194514,318.9738353529878
2022-09-05,21.995780574490055,318.6259865232633
2022-09-06,21.726463338949806,311.626157278509
2022-09-07,21.667903510357636,304.80993258590564
2022-09-08,21.181214004199816,306.28353112179735
2022-09-09,20.96061140975504,307.55008206185016
2022-09-12,20.584568461462275,313.8615565727465
2022-09-13,20.328654373020974,308.6436204741677
2022-09-14,20.111993884678576,310.359497260729
2022-09-15,20.263037178596484,315.0899810220912
2022-09-16,20.466167575574733,314.3746291267534
2022-09-19,20.593924135221478,317.2744214345757
2022-09-20,21.167291884060532,314.50885757593113
2022-09-21,20.951103709940742,312.5409733236991
2022-09-22,20.682587855725725,316.67221217208197
2022-09-23,20.84844191829168,310.0037217917491
2022-09-26,20.699988320309785,313.65630005935367
2022-09-27,20.34888596879051,309.36454481916957
2022-09-28,20.272890834746786,306.1494843910062
2022-09-29,20.056500129661046,303.14597219908273
2022-09-30,20.362307330167898,312.9764229547883
2022-10-03,20.549767225577444,312.57621059644254
2022-10-04,20.330221774254778,307.71592953607234
2022-10-05,20.36948296421113,306.8154042065829
2022-10-06,19.892763100262368,311.86141057456854
2022-10-07,19.81250078016272,312.1290223051303
2022-10-10,19.887102106400867,311.63118402502425
2022-10-11,19.564795420931556,315.048638413644
2022-10-12,19.9352718185996,309.77689824606364
2022-10-13,20.07916376973201,307.3179989665945
2022-10-14,20.096568157761244,306.5191186598053
2022-10-17,19.890685288418645,301.21838957848684
2022-10-18,19.74491729381811,287.4359905435087
2022-10-19,19.953947306279687,286.7760419759584
2022-10-20,20.033800801856177,284.69626008161543
2022-10-21,19.67507137494276,283.4693873539848
2022-10-24,19.299711151952927,283.1127611903217
2022-10-25,19.502243861778076,285.77535979855395
2022-10-26,20.064374739030136,283.21940526793435
2022-10-27,20.02885540454673,282.27528967361485
2022-10-28,19.743165890967866,279.41950271506755
2022-10-31,19.16478373772886,279.09395321437927
2022-11-01,18.591063851898756,276.0792095147094
2022-11-02,18.433637440496295,274.1686184855543
2022-11-03,18.962388819214336,272.0885670771592
2022-11-04,18.86104993910888,273.8550497150979
2022-11-07,19.653427090995695,281.74864781108954
2022-11-08,19.315786763912794,284.9184825775626
2022-11-09,19.012170069645816,287.85135011257574
2022-11-10,18.67551428179378,278.22030878446157
2022-11-11,18.872304029054565,282.88669086092415
2022-11-14,19.27052413874148,286.6505599858416
2022-11-15,20.225088601863725,291.9270093773788
2022-11-16,20.667512345362294,299.4372969315866
2022-11-17,21.290433618809878,310.88102773186466
2022-11-18,21.67386389658313,314.45637531597725
2022-11-21,21.37608644344016,311.1649592203659
2022-11-22,20.83814963722492,313.50227410892336
2022-11-23,21.485672779342803,318.16540085979915
2022-11-24,21.503852498003518,328.8563401611016
2022-11-25,22.075897153076774,329.896142765794
2022-11-28,23.06400137427051,330.2802172362461
2022-11-29,22.427887100393065,329.5899321873488
2022-11-30,22.367786627700628,325.5692230215549
2022-12-01,21.797265999497096,332.75764728690996
2022-12-02,21.593540851845017,339.3158835407644
2022-12-05,21.325566360060247,335.792804939412
2022-12-06,21.50340419062199,340.71982952570903
2022-12-07,21.194689306310075,351.69068508377933
2022-12-08,20.982672972009794,350.5886318683976
2022-12-09,20.746958264136588,352.07082600604735
2022-12-12,20.406838894747352,354.20242478760593
2022-12-13,19.75267182541996,352.97292622886295
2022-12-14,20.035016802944977,342.71580503431454
2022-12-15,19.799232614392754,340.4090962435854
2022-12-16,19.696148665283314,322.56896789695895
2022-12-19,19.83387116634419,317.63542170206654
2022-12-20,19.869810446704342,310.1255931299632
2022-12-21,19.311184142045256,301.69377100612047
2022-12-22,19.437461767638602,297.5115911611258
2022-12-23,19.226639395563165,292.95781577393734
2022-12-26,19.322606975977354,302.98239972595525
2022-12-27,19.05291819964471,310.19400509958035
2022-12-28,19.511927302916714,318.6477640892635
2022-12-29,18.74213534098909,316.13981682644624
2022-12-30,18.691107708954927,315.1415519565771
2023-01-02,18.505958225334325,320.53661960027495
2023-01-03,18.815032303674933,320.97976854870484
2023-01-04,17.876118138587362,328.2729986897662
2023-01-05,18.350855881860046,327.1317329791756
2023-01-06,18.49386337963886,326.82617382672515
2023-01-09,18.47647820905557,326.32310726123455
2023-01-10,18.540734498008266,329.1149140854155
2023-01-11,18.536791559366016,334.59473556716927
2023-01-12,18.024801966379318,338.8542392282374
2023-01-13,17.74218865046706,346.705042431922
2023-01-16,17.92452311854287,348.70423470157897
2023-01-17,18.21039162411093,349.14377873625745
2023-01-18,18.649883119578906,354.37067488292587
2023-01-19,18.362732568108193,347.63840815928603
2023-01-20,18.297814457799472,350.8602972055145
2023-01-23,17.84510627923101,359.0713623552774
2023-01-24,17.61135306445997,359.11398841613357
2023-01-25,17.367106124126956,357.9771987862786
2023-01-26,17.457089279007235,347.84321942883645
2023-01-27,17.289253474697713,354.64733724237294
2023-01-30,17.745796319472163,347.7811200634941
2023-01-31,17.932909711080114,348.91570835815037
2023-02-01,17.892695673528692,347.15143225212887
2023-02-02,17.29986401441512,341.40883142769445
2023-02-03,16.680086828698467,345.8053696160388
2023-02-06,16.45141844643774,338.888198870082
2023-02-07,16.267426251592333,339.1992613360091
2023-02-08,16.418202198583742,342.28737613023065
2023-02-09,16.53435441048828,337.24124495089603
2023-02-10,16.25226881514622,341.5781591985302
2023-02-13,16.430877081564354,337.3186605974195
2023-02-14,16.582958951133335,323.738440370408
2023-02-15,16.452161106504658,330.80569512628693
2023-02-16,16.683044166748637,323.2432121255919
2023-02-17,16.832839792435287,325.86049484011363
2023-02-20,16.97975925526118,318.64736362733436
2023-02-21,17.061282473503162,322.8317267913424
2023-02-22,16.83487448901329,322.8586382824256
2023-02-23,17.17568337730179,327.33102643454384
2023-02-24,17.56460703166591,323.056015753352
2023-02-27,17.519072247693828,327.00606254014565
2023-02-28,17.930067384143314,332.809074333845
2023-03-01,17.919701465064126,339.9082272246084
2023-03-02,17.534072687373655,337.2434665366419
2023-03-03,17.645878614380372,333.08724113180693
2023-03-06,17.81858348651442,325.26381181038556
2023-03-07,17.661125701133436,320.8655936998758
2023-03-08,17.73738520979054,317.2112263877856
2023-03-09,17.870745158946193,317.8146365291845
2023-03-10,17.436388143520187,317.55296581615767
2023-03-13,17.732390727464942,321.94918742312217
2023-03-14,17.75201847478116,326.57032966512463
2023-03-15,17.798406286085957,322.0864755863016
2023-03-16,17.9589213761629,316.42335632770096
2023-03-17,18.108492805828906,317.41609738075715
2023-03-20,17.84143815492462,319.3818658415043
2023-03-21,17.44288285132222,318.25792088888454
2023-03-22,17.19337714425572,321.76542654606715
2023-03-23,16.872755556189333,329.8098162067405
2023-03-24,16.813818665124977,332.8972239022827
2023-03-27,16.703835140362585,336.39937023731903
2023-03-28,17.042790948565923,341.878640810085
2023-03-29,16.675397110131165,348.9615237796399
2023-03-30,16.617775806360022,354.9846172827098
2023-03-31,16.917386247413447,358.50842066331074
2023-04-03,16.998376392673066,369.9178149055174
2023-04-04,16.572726419897922,374.3676480385789
2023-04-05,16.413366558934285,368.85083776231755
2023-04-06,16.777632863327696,368.1237703602766
2023-04-07,16.98516346919973,368.66102252313146
2023-04-10,17.172570123514937,366.7208345811321
2023-04-11,17.325996890867444,368.3993955508046
2023-04-12,17.45330165441471,369.31115130511233
2023-04-13,17.61316850504385,361.97125312194976
2023-04-14,18.04443293594298,362.56664617152165
2023-04-17,18.210611871997962,353.04132446377287
2023-04-18,19.011499684906298,357.75227620063646
2023-04-19,18.899697058475265,368.6807983157791
2023-04-20,19.03952847934981,370.09880022682296
2023-04-21,18.664881749313302,365.42435181309867
2023-04-24,18.338559234487388,371.7087862778389
2023-04-25,17.8459646013477,370.56379315600816
2023-04-26,17.766992124394168,364.3965332467126
2023-04-27,17.751849212540172,365.89916239336554
2023-04-28,17.771074016801226,371.34776672088833
2023-05-01,17.44642486061459,368.78903373105345
2023-05-02,17.816214697699348,372.28280804902124
2023-05-03,18.012135328498065,370.4631123074455
2023-05-04,17.928455779125027,367.1835629562598
2023-05-05,17.652945627321905,369.3841346167911
2023-05-08,17.596370828544494,373.244866608892
2023-05-09,17.762262237707578,371.96987860371536
2023-05-10,17.726991025280242,374.5131631916796
2023-05-11,17.018628765481473,388.42247101845794
2023-05-12,17.14658951807505,384.7669792570312
2023-05-15,17.73874552622911,384.28856062942884
2023-05-16,17.68127472139907,392.2208318473137
2023-05-17,18.325556882116853,389.45398527408406
2023-05-18,18.625417388653833,383.30252207061176
2023-05-19,18.106263540651746,394.2283036473602
2023-05-22,18.434805584224538,394.07195124975135
2023-05-23,18.46945563578284,398.4222298431476
2023-05-24,17.970430819948024,384.17829083190134
2023-05-25,17.843203520918774,379.241971081201
2023-05-26,17.702892921039656,384.21264918863255
2023-05-29,17.851723355990877,383.46202243304094
2023-05-30,17.758737315153272,395.62091438665004
2023-05-31,18.59139780027449,397.4658625106173
2023-06-01,18.886839297311955,412.5148606151917
2023-06-02,19.550621261448875,430.59338928690437
2023-06-05,19.422469526050413,429.7994665886965
2023-06-06,18.772137965224207,423.75837059459764
2023-06-07,19.206561693183918,439.04564774384664
2023-06-08,18.759147890509315,438.6106760217315
2023-06-09,18.937724652728672,428.2425032333241
2023-06-12,18.668429531213935,436.46484684065854
2023-06-13,19.29812596345399,424.38643439287
2023-06-14,19.647614349013875,412.39041334635175
2023-06-15,19.599687221196408,412.3021709694672
2023-06-16,19.95030760554425,413.4899371771372
2023-06-19,20.470891796552095,413.0139157551188
2023-06-20,20.47572512914124,409.75129214606454
2023-06-21,20.355915087394443,403.0199807946188
2023-06-22,20.324982940060032,398.01074012339427
2023-06-23,20.149935248828932,388.9505319173039
2023-06-26,20.239690872528772,390.4256013308459
2023-06-27,19.950197753017996,385.24228466529576
2023-06-28,19.661718601738407,386.60331928195234
2023-06-29,19.831799299558952,385.6593844132114
2023-06-30,19.960111266985574,393.0982237415615
2023-07-03,20.28817925051821,405.39643077798263
2023-07-04,20.3002326411579,417.09231503217654
2023-07-05,20.383605775813056,422.0984206063387
2023-07-06,19.64043437228352,419.348354937496
2023-07-07,19.01190957187956,414.8144747081545
2023-07-10,18.796968918105833,411.3283912447189
2023-07-11,18.749113982134922,411.1198953036315
2023-07-12,18.9012111988011,420.5249339316098
2023-07-13,19.24521344196903,417.09124401179923
2023-07-14,19.21787881857207,437.08792545608515
2023-07-17,19.568950156073385,430.10441568406094
2023-07-18,19.048675435396312,424.5507717851271
2023-07-19,19.994421952535745,433.1123524251932
2023-07-20,19.81390433179236,442.6543810885057
2023-07-21,20.241578300342233,437.05660718227006
2023-07-24,20.14561123167983,433.45523616855314
2023-07-25,20.16649719073029,441.4695611880239
2023-07-26,20.374024983205437,455.63493627323453
2023-07-27,20.111279248239978,447.6223316019931
2023-07-28,20.7782852829713,436.31099583791365
2023-07-31,20.769356648442415,429.2334757149167
2023-08-01,20.542067106191958,436.07884171576836
2023-08-02,20.932712646015954,420.3935427277179
2023-08-03,20.853331391295903,426.38858633292716
2023-08-04,20.77923868139799,429.98221478341117
2023-08-07,20.88801851112784,448.636984599229
2023-08-08,20.84388575703576,455.6474271449847
2023-08-09,20.85924165142492,439.75379915265665
2023-08-10,21.066682658556086,443.26262803086206
2023-08-11,21.017720630623895,454.6359981598021
2023-08-14,20.779309815502586,443.25350275218204
2023-08-15,21.320380393076103,437.27610273942037
2023-08-16,21.09967182108138,436.3370985699475
2023-08-17,20.970586748094494,424.21963466679875
2023-08-18,20.786318550263626,430.8375089111823
2023-08-21,20.76589379073696,439.41278690162676
2023-08-22,19.98375000678623,428.53162277822247
2023-08-23,20.120573409729083,423.39980121074416
2023-08-24,19.559566095352817,425.45217876120654
2023-08-25,19.92970625384554,424.3856963807299
2023-08-28,19.903966586401133,434.7727275111732
2023-08-29,20.082905252394085,429.9921271431991
2023-08-30,20.386081612771424,442.09282021271133
2023-08-31,20.522659475914654,435.7717439315085
2023-09-01,20.182301231462205,440.58127269396266
2023-09-04,20.476482500270855,434.3335819817534
2023-09-05,20.54071997537775,437.9986678655294
2023-09-06,20.274657056408056,443.5822906126371
2023-09-07,20.284077808674144,449.9254482609806
2023-09-08,19.954673889951167,451.22789119601396
2023-09-11,19.729542921062798,451.75382245388454
2023-09-12,19.41731437463457,438.9544611332739
2023-09-13,19.789356100932753,439.5235534766499
2023-09-14,20.67262683950149,448.9269179824135
2023-09-15,20.817968273315742,453.73932074546457
2023-09-18,20.830515978407618,449.445415940482
2023-09-19,21.06544848217657,442.79540428993124
2023-09-20,21.01222962432762,446.6228978420798
2023-09-21,21.099364759597666,451.83155824347386
2023-09-22,21.129395336180984,450.89279268617514
2023-09-25,21.892137790174033,445.9281876296557
2023-09-26,21.56185989399734,435.8898093180109
2023-09-27,21.148922742363283,427.1918287221327
2023-09-28,20.29408653324701,424.70491806852016
2023-09-29,20.426042646223312,428.4267780681361
2023-10-02,20.377879291157555,424.1957008388615
2023-10-03,20.57448566014409,423.1419812695949
2023-10-04,20.70003461642273,429.67502243078377
2023-10-05,20.305084287263206,431.3494219216973
2023-10-06,19.976321056295458,429.66903109685427
2023-10-09,19.437314927580253,430.64604799809973
2023-10-10,19.560581635309134,433.3210285971683
2023-10-11,18.963518202050853,422.9356684180128
2023-10-12,19.10492545718133,423.51738558395226
2023-10-13,19.203993532752172,434.3666827147113
2023-10-16,19.35984922337432,447.03630596901155
2023-10-17,19.205778069249607,448.37893295144215
2023-10-18,19.566439130224577,449.7957760430363
2023-10-19,19.188758422457678,451.80213025668434
2023-10-20,19.2274587005855,451.89900877896366
2023-10-23,19.157814654530352,450.4488019828753
2023-10-24,19.36143801840313,453.5903696236281
2023-10-25,19.16995522590674,444.9176415630684
2023-10-26,19.062291899530596,443.07533582489384
2023-10-27,18.716891384852985,443.89481739970853
2023-10-30,18.47827647431962,433.20378602291447
2023-10-31,18.979009129809555,429.1818338461792
2023-11-01,19.099555570193736,416.71369779467017
2023-11-02,18.635539656578594,423.7126362123278
2023-11-03,18.462459369161277,422.3977823840962
2023-11-06,18.68776264662289,416.24491487717415
2023-11-07,18.440443567698274,424.14112019539664
2023-11-08,18.18030651061119,419.6045488246759
2023-11-09,18.289180052739564,412.9546047875253
2023-11-10,17.31838196201387,404.87647450976635
2023-11-13,17.78523363177707,393.6196534569887
2023-11-14,17.891287040136614,395.1030324235159
2023-11-15,18.328542850281664,394.49350502179595
2023-11-16,18.377482917874854,414.96542042117795
2023-11-17,18.6914929407281,404.6955023997834
2023-11-20,18.446698875818978,410.9277737501152
2023-11-21,19.081595221458546,411.777559163908
2023-11-22,19.672739563610538,415.4308894178469
2023-11-23,20.10121580291245,419.27520994867746
2023-11-24,20.366585407073863,409.60823449476385
2023-11-27,20.782695318970656,423.56214363153487
2023-11-28,20.02963693220483,423.09675269408564
2023-11-29,19.70960383402864,424.3081496795303
2023-11-30,19.356906205638268,420.57564068716215
2023-12-01,19.34895566252167,428.58308455343484
2023-12-04,19.328058960698062,421.815246129469
2023-12-05,19.40977134049259,414.8224889757153
2023-12-06,18.83451945741645,412.94056639128246
2023-12-07,18.680191020368333,414.75497735936244
2023-12-08,17.625227304477782,423.53128332574636
2023-12-11,18.2765876864724,436.8024493367802
2023-12-12,18.067387710727314,438.57757821922894
2023-12-13,17.878957346994625,440.678748180342
2023-12-14,18.016882092522582,445.9188509059881
2023-12-15,17.694741852711648,452.5154109705597
2023-12-18,17.78950161915897,448.36996192879
2023-12-19,17.379608095795096,441.50866993750225
2023-12-20,17.81694404120254,430.6952767301917
2023-12-21,18.242876449970826,426.9438191060707
2023-12-22,18.442688500666154,436.1347213395151
2023-12-25,18.193620592183024,439.7360412452379
2023-12-26,18.802094302459565,445.27675314342656
2023-12-27,18.435555758704584,448.4483107534789
2023-12-28,17.957601883157682,443.8868901801981
2023-12-29,18.707286880605476,449.61872964574894
2024-01-01,18.78103347633942,449.2913140013158
2024-01-02,18.90842893300804,449.91694543428827
2024-01-03,19.031516789835592,456.7586038713159
2024-01-04,18.83409086042494,456.92795248082746
2024-01-05,18.385493258732083,463.0073343524223
2024-01-08,18.121946049521263,467.30614671869284
2024-01-09,18.317111581804948,482.117668481354
2024-01-10,18.188093231507015,481.90841914415165
2024-01-11,18.968239445890557,484.74834827101625
2024-01-12,18.995021045885842,473.7685853161284
2024-01-15,19.017926855685406,466.0230630198182
2024-01-16,19.135578669751244,452.0893323904195
2024-01-17,18.93317094712316,457.64500637647615
2024-01-18,19.055056554561716,450.1953727790565
2024-01-19,19.171731966058314,449.04756327893546
2024-01-22,19.046901766210286,455.1116145589812
2024-01-23,19.281712298946626,447.1389720848685
2024-01-24,18.648513761851365,434.69893127304186
2024-01-25,18.82239841088068,438.05215380122684
2024-01-26,18.912340350199987,443.00448234742566
2024-01-29,18.71542520893407,439.12278322202997
2024-01-30,18.2151029738297,443.28703528444345
2024-01-31,18.70404607740094,446.3493049767678
2024-02-01,18.49010413106781,454.2432661343402
2024-02-02,18.389040962546655,455.50399565341974
2024-02-05,18.06113069127403,450.87179494140565
2024-02-06,17.917485618577313,453.16517936176797
2024-02-07,18.50948247526545,444.4836768661393
2024-02-08,18.869621548093544,440.14804865139024
2024-02-09,19.24634360019094,440.04596675320505
2024-02-12,19.379899644288333,435.54822292507583
2024-02-13,19.040847170112276,436.4121121812127
2024-02-14,18.97202624454411,435.5913141398186
2024-02-15,18.79668745549854,447.37223696448024
2024-02-16,18.89243538572358,448.7863858966557
2024-02-19,18.647291262630574,461.14897496145323
2024-02-20,19.117455295689492,465.354445106866
2024-02-21,19.8242887778641,466.609415445834
2024-02-22,19.816818930572694,452.533046176589
2024-02-23,20.345497849997855,462.75841332472453
2024-02-26,19.657956233612815,467.05983178988436
2024-02-27,19.65618681958716,462.0176654018806
2024-02-28,19.115269535547462,466.6255493237813
2024-02-29,19.42601483982034,468.94873027830664
2024-03-01,19.376780357660863,480.2333468849433
2024-03-04,19.336686386665374,484.4765078603349
2024-03-05,18.525900742815075,482.86224539627
2024-03-06,18.08439639491325,472.5772345362386
2024-03-07,17.783572640963083,473.97366387320966
2024-03-08,18.232724331887216,467.89864512935753
2024-03-11,17.657713138718687,460.9703226511045
2024-03-12,17.383779339089834,464.5481618205269
2024-03-13,17.239892402894032,475.84540699740114
2024-03-14,16.91089304868558,500.72263033388407
2024-03-15,17.26053349457574,505.19917490425996
2024-03-18,17.681008443056296,505.3200697453956
2024-03-19,17.50615601286575,503.0285015181973
2024-03-20,17.131418236464686,503.9434620142814
2024-03-21,16.969101526136395,494.14101963612285
2024-03-22,16.390905286337777,487.57233115599433
2024-03-25,16.471868294427424,495.9176615033754
2024-03-26,16.636127155855842,491.4622658764042
2024-03-27,16.768502270544538,491.0823729964582
2024-03-28,16.759713922424687,486.0194815216639
2024-03-29,16.462906199570508,498.7118117894484
2024-04-01,16.420702231411244,506.1010160512749
2024-04-02,16.512077380307574,514.0964059613569
2024-04-03,16.263128526251457,510.92851340324586
2024-04-04,16.0291593882412,518.6766957119365
2024-04-05,16.549218922705748,516.5009161271283
2024-04-08,16.705986367081874,520.6712838805298
2024-04-09,16.16856361974056,536.1814079614886
2024-04-10,16.21223445824518,539.864869419566
2024-04-11,16.468266530471965,542.8640688567596
2024-04-12,16.456679324754088,536.3363097350763
2024-04-15,16.332772843401145,531.4546976410528
2024-04-16,17.190382734189562,540.8243175997345
2024-04-17,17.384409800842466,561.335492597358
2024-04-18,17.625213081006905,576.8164307132417
2024-04-19,18.106378524696762,580.0667122336233
2024-04-22,17.77247960347043,575.9519022413407
2024-04-23,18.350189029213414,601.34762814792
2024-04-24,18.00334729831689,610.2820261612003
2024-04-25,17.669146801613714,611.1525213537852
2024-04-26,17.19780597853111,630.6161195761525
2024-04-29,17.19752631085915,601.133057398569
2024-04-30,17.523664242414206,603.4503857941158
2024-05-01,17.1747836143074,606.7002884695673
2024-05-02,17.09253761532669,603.8418880047766
2024-05-03,17.07999083170683,601.1470846346631
2024-05-06,17.161464868671292,617.7260254754958
2024-05-07,16.922915021352054,632.9887010478254
2024-05-08,17.041138606851405,641.1336909757821
2024-05-09,17.118659156678696,642.7381568081178
2024-05-10,17.189094299681425,656.6067641738362
2024-05-13,17.26070831035843,661.1304054793319
2024-05-14,16.966647813272143,649.451357121567
2024-05-15,16.706787428717593,652.2752710056957
2024-05-16,16.94024192942517,627.2248503962091
2024-05-17,17.434649758035622,644.1681510220617
2024-05-20,17.88199963152716,651.2525728539506
2024-05-21,18.02397780757228,655.5116807115636
2024-05-22,18.580522607023568,650.8755089107908
2024-05-23,17.797995026359253,656.2216317291767
2024-05-24,17.611266272796424,652.8569289278239
2024-05-27,17.03325443823565,668.600828279565
2024-05-28,16.64186784292905,662.976934771785
2024-05-29,16.035517961075747,665.1508758163394
2024-05-30,16.25051073079537,687.4832640323813
2024-05-31,16.110900571499226,697.6236209868381
2024-06-03,16.093677527983765,704.5285725671669
2024-06-04,16.881774283906502,696.936002978891
2024-06-05,17.209830627372664,697.7468697437355
2024-06-06,17.01918050184255,703.997528308848
2024-06-07,16.980187790962376,716.941222946074
2024-06-10,17.078625994575386,711.9008148294417
2024-06-11,17.215548430170482,708.9118152698792
2024-06-12,17.716789294523817,713.1008139121585
2024-06-13,17.635692863260246,734.5229437472897
2024-06-14,17.957885951228715,739.9891336376465
2024-06-17,17.76729359001208,743.210044966191
2024-06-18,17.072769880942534,733.5760427736546
2024-06-19,17.112493654379993,732.8548649930073
2024-06-20,17.907893027395243,730.8534226729831
2024-06-21,17.12269806360602,728.3489595033337
2024-06-24,17.187386949484623,723.5384033754175
2024-06-25,17.367956357392494,730.4597635286308
2024-06-26,17.287414125730027,727.2593614099013
2024-06-27,17.214937663809465,749.9990554867103
2024-06-28,17.14314523430856,741.7470805597027
2024-07-01,17.443256537048352,742.7482101571761
2024-07-02,17.15155804364328,778.9492503487004
2024-07-03,17.263845674174124,774.6797031388799
2024-07-04,16.9533385769352,773.6343802680744
2024-07-05,16.54928392198989,753.2397935886285
2024-07-08,16.503012533987594,767.4221242283484
2024-07-09,16.352606261898618,778.9658838504095
2024-07-10,16.25890956708269,757.7760836757175
2024-07-11,15.614547643839709,776.9616529385855
2024-07-12,15.656330498647645,784.5824625875492
2024-07-15,15.785358033061051,775.250839917694
2024-07-16,15.333059641914456,751.6718587184067
2024-07-17,15.076351775010405,758.6690247084227
2024-07-18,15.679638649623467,770.0078288630699
2024-07-19,15.767216161100915,764.8463773831808
2024-07-22,15.800945234238766,748.8995978584051
2024-07-23,15.951881106589825,774.898378919241
2024-07-24,15.75016308781425,777.6183654636595
2024-07-25,15.080951291960115,799.7603333239133
2024-07-26,15.2821354187953,808.7846752275524
2024-07-29,15.452997767552999,817.5976619626501
2024-07-30,15.886052230695215,813.376444680075
2024-07-31,15.714242390322449,800.6511995709982
2024-08-01,15.558155577963417,785.5305168658213
2024-08-02,15.37199041879369,795.823139125679
2024-08-05,15.288063957209507,789.1804318387422
2024-08-06,15.1354069114429,806.2665011469733
2024-08-07,14.988257826421972,819.7710769856595
2024-08-08,15.150836304812906,846.2701828712198
2024-08-09,15.76786483914438,850.9748195531972
2024-08-12,15.89525739319417,904.0521749316538
2024-08-13,16.472103560050616,881.781842978406
2024-08-14,16.859213174223846,891.7879350355507
2024-08-15,17.05711411238298,889.9676616574526
2024-08-16,17.090508948471033,897.9871241726219
2024-08-19,17.33078844540509,924.0347806851203
2024-08-20,16.76654071041865,936.3639016619394
2024-08-21,16.653719041497524,943.9802769413147
2024-08-22,16.898924538693603,934.3198143215943
2024-08-23,17.087146857759834,947.4499445869355
2024-08-26,16.625639521567553,909.5319401838038
2024-08-27,16.26435180512065,887.1726824717167
2024-08-28,15.987918515956792,903.5941570025619
2024-08-29,15.587422322916433,906.6346188107004
2024-08-30,15.789842411864585,884.601250156378
2024-09-02,15.642699202508474,874.6637603198799
2024-09-03,16.303960038488505,857.0754480671028
2024-09-04,16.45218789986232,865.0222283944906
2024-09-05,16.08546221487782,890.2864261548292
2024-09-06,16.268702585600312,896.3012635114452
2024-09-09,15.685256149544204,898.990928305402
2024-09-10,15.882047911058377,902.6533163667078
2024-09-11,15.857806559164313,889.1099278207888
2024-09-12,16.029029387677543,886.1871680631765
2024-09-13,15.900487414718288,876.2884383736781
2024-09-16,16.184507156717483,884.2423768759866
2024-09-17,16.01392673190253,876.8765649955889
2024-09-18,15.890816671512697,853.7548632098061
2024-09-19,15.577215578620098,861.4217836682119
2024-09-20,15.536770375318332,860.515038675097
2024-09-23,15.856559553559716,860.6362694366394
2024-09-24,15.555452895055947,858.0657430777846
2024-09-25,15.662885279885298,852.1259978525712
2024-09-26,15.473802486360563,864.2117447968983
2024-09-27,15.551136195545102,866.6404302907372
2024-09-30,15.842620621345436,897.6496883582853
2024-10-01,16.094360464201344,905.9958221305085
2024-10-02,15.660701185560118,927.3593933754648
2024-10-03,15.589307502764566,914.5807325219017
2024-10-04,15.517626224561226,924.9937545464262
2024-10-07,15.123758076664702,928.9361654562757
2024-10-08,15.165107280286152,907.8327873312714
2024-10-09,15.339310230538581,925.5373705932913
2024-10-10,15.544911467134185,910.2831653283704
2024-10-11,16.301750981346366,909.1335794490585
2024-10-14,16.568584141806454,944.8367615977041
2024-10-15,16.639997775206876,963.0975208786061
2024-10-16,16.599333009428978,968.7604370593333
2024-10-17,16.442811286920513,979.2421983425253
2024-10-18,16.031113970269963,996.7001610797907
2024-10-21,16.122956940680176,997.3822878519366
2024-10-22,16.107617304940103,973.1057904352435
2024-10-23,16.095013415937284,1002.3208579896443
2024-10-24,16.27153952802679,981.2543485686439
2024-10-25,16.592984867022764,973.0718229593313
2024-10-28,16.330732525358293,975.673360294903
2024-10-29,15.8772575880746,991.3041674178442
2024-10-30,15.32836727020016,983.7608437400726
2024-10-31,15.9937240669438,977.1657010847138
2024-11-01,15.74071426622195,972.961667559204
2024-11-04,16.066895321390177,947.6722776731218
2024-11-05,15.817873312462856,949.1948104468697
2024-11-06,15.572292679915597,961.4109523687047
2024-11-07,15.825893727058663,958.8915279998781
2024-11-08,16.042922237218413,948.6748012043299
2024-11-11,15.817443080581981,965.4903666026346
2024-11-12,15.296022164272777,913.3753175773804
2024-11-13,15.79411275317805,885.6872296561568
2024-11-14,15.94859259429808,881.6251222989622
2024-11-15,15.972720696941181,847.1636686558162
2024-11-18,16.225129440537042,867.5960159571687
2024-11-19,16.58550325289035,853.1453262027479
2024-11-20,17.10801235762693,864.2812453138233
2024-11-21,16.97342226111882,848.7487694952226
2024-11-22,16.84387658194466,838.0226852124457
2024-11-25,16.91999193375508,849.2526923556537
2024-11-26,16.89036446805832,850.9052482314335
2024-11-27,16.81477368989381,855.0280826357055
2024-11-28,16.48915713826922,886.8905622246572
2024-11-29,16.829168450527252,858.1598385586569
2024-12-02,17.194977164692304,844.0427744997821
2024-12-03,17.28014714540858,867.6469132470505
2024-12-04,17.070064210273053,875.7333605205295
2024-12-05,17.151317351746375,888.6661011334915
2024-12-06,17.1208878614123,897.6407573727477
2024-12-09,16.981292455782093,907.1746552670568
2024-12-10,17.258693462096172,904.4906625695136
2024-12-11,17.507882583133828,904.8625664454044
2024-12-12,17.796166142264518,950.5567709846679
2024-12-13,18.089960921521055,948.0498864353826
2024-12-16,17.90895593218109,960.2254541538119
2024-12-17,18.432299197868698,952.8175698471036
2024-12-18,18.89585304538504,949.6418534249468
2024-12-19,18.563247972551487,926.434319844085
2024-12-20,18.98223567234194,902.7893939915018
2024-12-23,19.526278636861626,878.2187705163279
2024-12-24,19.294667677680184,875.5001638691389
2024-12-25,19.281616786861957,871.6061338110945
2024-12-26,18.7847692328611,882.8394657982195
2024-12-27,18.84708345071928,889.171495746066
2024-12-30,19.259897827195434,917.51235322375
2024-12-31,19.0650418400759,918.0010469553014
2025-01-01,18.853237707690607,908.2196729940346
2025-01-02,18.570698667196808,896.7643359781848
2025-01-03,18.07462851730752,920.4244115808419
2025-01-06,18.188727918799202,894.5560138427427
2025-01-07,18.015890440316106,898.087783248742
2025-01-08,18.406073655088928,920.9506699621758
2025-01-09,17.84531028239479,899.8271976979829
2025-01-10,18.26550557302469,913.6377625435525
2025-01-13,18.957624886135765,934.9596828762271
2025-01-14,18.55185619050406,955.9343648552102
2025-01-15,18.239287611462096,981.5522827001327
2025-01-16,18.97538705245312,973.9172571525534
2025-01-17,19.273247828604106,969.6598919553272
2025-01-20,19.13930086434829,969.0920520455833
2025-01-21,19.511138888359138,961.9926309896059
2025-01-22,19.58976728572153,963.5250913254713
2025-01-23,18.944374438852517,992.4743528811284
2025-01-24,18.985511295063894,955.4835804868051
2025-01-27,18.953927808053013,973.1914552763795
2025-01-28,18.95507901724071,1002.4566515396295
2025-01-29,18.860039727324956,1006.6198467188644
2025-01-30,18.475431437967156,979.1865067820864
2025-01-31,18.11451822562337,953.0083536135867
2025-02-03,18.01572720804594,920.8821475400379
2025-02-04,18.178989167124602,941.6412189257093
2025-02-05,18.268134313958843,913.2400032293809
2025-02-06,18.29626572980178,913.7426662920182
2025-02-07,18.19579525228783,897.668919324542
2025-02-10,17.761846453009568,895.9329817696735
2025-02-11,17.995467237812438,882.0353196785677
2025-02-12,17.332171103263978,878.1955531020681
2025-02-13,17.308364222044585,898.7177816987472
2025-02-14,17.248857219478154,905.4220975882572
2025-02-17,17.752722469948733,895.6769714528818
2025-02-18,18.157956144801428,893.7163180954263
2025-02-19,18.073492004135044,893.0513690643896
2025-02-20,17.761341310575347,890.6135344105464
2025-02-21,17.473788553560002,886.5082973602356
2025-02-24,17.460892772351414,883.0552869930377
2025-02-25,17.402542008607725,879.1580496531749
2025-02-26,17.830078076055333,891.1267538693282
2025-02-27,17.722945341043427,887.4539543040502
2025-02-28,17.830516298237928,868.1118189205279
2025-03-03,18.38361729464635,859.7605974092348
2025-03-04,17.976810034129244,875.0139486928817
2025-03-05,18.30233160101539,903.6338359788691
2025-03-06,18.455347802019055,902.9268259362766
2025-03-07,18.192408979492942,881.5626654731805
2025-03-10,18.455247094166612,893.7391769132508
2025-03-11,18.47474341297561,894.4249400930535
2025-03-12,18.543690089374667,898.9913390706965
2025-03-13,18.165819543894717,899.3164265847181
2025-03-14,18.110549210164265,897.8361353184791
2025-03-17,18.486136059847365,887.1185336950923
2025-03-18,18.485668220695846,910.102356301386
2025-03-19,18.584935698453737,925.910295060774
2025-03-20,19.506514915127454,926.1400805353201
2025-03-21,19.493523921055555,918.7031401015946
2025-03-24,19.58041588650593,925.240151402536
2025-03-25,19.568708581051286,918.5014823398934
2025-03-26,20.105317757684492,925.8385571904998
2025-03-27,20.70373194806056,923.7462675303782
2025-03-28,21.5505281260387,929.8990153017683
2025-03-31,21.357445323794796,935.8842350429886
2025-04-01,21.45728487636085,955.8501011424506
2025-04-02,21.716519449107455,956.2953810725439
2025-04-03,21.235672735830242,940.6218576971291
2025-04-04,21.631138772329294,938.5420123838974
2025-04-07,21.139933832317162,967.9073621668077
2025-04-08,21.19421812426073,978.991097230905
2025-04-09,21.25031858916223,1002.3951446468776
2025-04-10,21.249762869215846,1004.0724128793859
2025-04-11,21.20519053775293,1009.997836665534
2025-04-14,20.98331930679626,990.5402639605622
2025-04-15,21.692168142980286,988.2862595677008
2025-04-16,21.78583883497041,1011.2380206944799
2025-04-17,21.760202886503563,996.6848585362484
2025-04-18,22.034213849554977,985.5328187178567
2025-04-21,21.464039077057397,988.7837448739083
2025-04-22,21.17091241432632,966.3530987694036
2025-04-23,21.641784148524536,942.7848341933565
2025-04-24,21.790356168310595,950.4664481757368
2025-04-25,21.289426941205967,943.5330831753854
2025-04-28,21.885150762435067,959.104321861771
2025-04-29,22.295300476947695,952.665083553567
2025-04-30,22.237800838644347,958.7881769961592
2025-05-01,22.22170937450553,956.6699609214694
2025-05-02,21.919125606964688,946.750804880484
2025-05-05,22.47695196731079,945.9369403571937
2025-05-06,22.423908577747653,983.8926699546139
2025-05-07,22.311986478995625,962.5667274619917
2025-05-08,22.294810724434583,972.7885539969544
2025-05-09,21.902561228294182,1011.279187173692
2025-05-12,22.0674075147457,1008.772360900483
2025-05-13,21.88052397377655,1011.375950932952
2025-05-14,21.7372793239012,983.2217906644819
2025-05-15,21.330667523920702,986.7001981541212
2025-05-16,21.507075742396175,966.3949402229254
2025-05-19,22.06282942119908,969.9571766327965
2025-05-20,22.14668567666477,985.5141253120487
2025-05-21,21.800335246473317,1023.1644707728127
2025-05-22,21.89795746864326,1034.101364725844
2025-05-23,22.214024588901335,990.7138339877845
2025-05-26,22.411538634879374,983.1802943410513
2025-05-27,22.636842197121016,957.1712433634889
2025-05-28,23.085978048953212,992.4394889942884
2025-05-29,22.863707607613183,1027.9052553303325
2025-05-30,22.84896760500938,1011.3383605367128
2025-06-02,22.664332651860644,998.0214064613716
2025-06-03,22.90781925240766,1035.3916879365809
2025-06-04,22.722340052127578,1051.1263573312292
2025-06-05,22.89481472757536,1074.3254570433166
2025-06-06,22.518828163584583,1094.2344128500065
2025-06-09,22.679899251503844,1088.8518054174474
2025-06-10,23.110905752418,1079.411228756885
2025-06-11,22.888444653786745,1066.9121753675604
2025-06-12,22.28910782696826,1093.4065019473987
2025-06-13,22.810943492231136,1094.9005772585879
2025-06-16,22.768083484248788,1110.2481394660556
2025-06-17,23.08090943182706,1107.8237258353618
2025-06-18,23.12471370228061,1131.1670945968076
2025-06-19,22.234700003663963,1112.2676008600467
2025-06-20,22.077404158512955,1093.7729758004953
2025-06-23,21.893508670821433,1115.7582962343429
2025-06-24,21.511806319860426,1123.2929107560287
2025-06-25,22.084919114154367,1093.3897490470124
2025-06-26,22.063184620462682,1106.1028147622937
2025-06-27,22.5456906375434,1119.825302014599
2025-06-30,23.291445550448966,1107.3651719104505
2025-07-01,24.245558814620193,1119.9393516506545
2025-07-02,24.203959729536457,1107.3669739486513
2025-07-03,24.450811817841622,1126.949182771321
2025-07-04,25.02506844299551,1156.0075981397692
2025-07-07,25.142220699072656,1160.4848311134808
2025-07-08,25.0914061249796,1144.9553514108215
2025-07-09,25.109363670931128,1151.2883440663568
2025-07-10,25.081680249409988,1174.582552057055
2025-07-11,24.612856562863147,1149.4805332368992
2025-07-14,24.200887429567135,1143.237066359188
2025-07-15,24.172877387300563,1138.544915487405
2025-07-16,24.466829422938996,1159.5933205377942
2025-07-17,24.295797047862496,1139.324946520997
2025-07-18,24.39564027994567,1119.1770460321309
2025-07-21,24.757616315979327,1125.7639573152735
2025-07-22,25.390455811249314,1096.6253741976218
2025-07-23,25.19279512769904,1102.981290576067
2025-07-24,25.614404188718247,1095.0842928212508
2025-07-25,25.43496081748377,1067.116059726563
2025-07-28,25.513441811119545,1057.1311066812261
2025-07-29,25.967787416463604,1088.7600505955634
2025-07-30,26.5310817093144,1075.438833549843
2025-07-31,26.316374847880027,1117.524015937622
2025-08-01,26.30366254291678,1136.4206683816947
2025-08-04,26.099570565479684,1135.5462471378708
2025-08-05,26.122048233476114,1175.263962533525
2025-08-06,25.903797798014732,1159.959939359885
2025-08-07,26.086820026343048,1164.3372044212533
2025-08-08,26.181808727568086,1165.8717631717627
2025-08-11,26.3055473683531,1132.7526915646924
2025-08-12,26.447859787524873,1079.3947612869363
2025-08-13,26.904352063304742,1086.3455091174364
2025-08-14,27.74929200078863,1083.0305365491713
2025-08-15,27.109486054561614,1076.0052637857832
2025-08-18,27.279459281935868,1061.9425776076012
2025-08-19,26.221984861831537,1069.188518427858
2025-08-20,26.242198547977694,1036.184239501463
2025-08-21,26.15915906554205,1009.0617517378233
2025-08-22,25.72551280319007,994.8741925717231
2025-08-25,25.711870947556932,1020.6387332848841
2025-08-26,25.561735568335003,998.2564389481252
2025-08-27,25.89127988627847,982.0820689127571
2025-08-28,26.729642813549578,1000.2325186951248
2025-08-29,25.789772170649808,1018.18696134583
2025-09-01,25.997326969747817,1038.4379004968132
2025-09-02,25.88438015511867,992.9895403709821
2025-09-03,25.672588442381343,975.5855893446524
2025-09-04,25.896252976383938,987.3783303345407
2025-09-05,26.232918678801287,1001.2249163587136
2025-09-08,26.015259088594586,1000.5621444331542
2025-09-09,26.3271714972947,993.9969946596873
2025-09-10,26.248040788102514,1052.640357032796
2025-09-11,25.92548902037847,1048.316424523955
2025-09-12,25.525767751233637,1055.9510265923118
2025-09-15,25.82912082614469,1059.4867700973425
2025-09-16,25.66084360535797,1058.054475314332
2025-09-17,25.660241159039508,1048.5703042974437
2025-09-18,25.571437418177783,1014.7531527384295
2025-09-19,25.86674467127449,1021.531409347198
2025-09-22,26.149700296913295,1018.6082851133996
2025-09-23,26.300868344290432,996.4832305884759
2025-09-24,26.03194185340946,954.8939956117629
2025-09-25,26.250819573007316,957.6617798956464
2025-09-26,26.231317180974237,951.5950789870245
2025-09-29,26.125772973945917,914.0315511409094
2025-09-30,25.71834567677775,903.366926440614
2025-10-01,25.777024583276262,904.4216098267823
2025-10-02,25.719696738266844,924.879271366807
2025-10-03,25.3535935671725,910.8512633736119
2025-10-06,24.889947710293434,922.1075885646032
2025-10-07,25.664890717987756,901.5125216779848
2025-10-08,25.91656633813529,925.2557000826663
2025-10-09,25.607853468053897,929.0026292890137
2025-10-10,25.596985448459943,914.0758220816426
2025-10-13,24.98334797115746,916.8351168487709
2025-10-14,25.29542597986034,937.5336453154881
2025-10-15,24.900606410346523,934.2104394628335
2025-10-16,24.817571428539907,928.9806931660492
2025-10-17,25.15140063214933,934.0530600455107
2025-10-20,25.04141275724607,920.9583172411166
2025-10-21,24.72624724672941,920.4066037868989
2025-10-22,24.011363409033628,922.6608502199158
2025-10-23,24.137933722876,887.6293719658988
2025-10-24,23.575232383795218,890.8482254496481
2025-10-27,24.08054456230523,892.1902668453481
2025-10-28,23.88729550657851,886.0731821286826
2025-10-29,23.28502468844549,894.2677181864855
2025-10-30,23.04030950500051,879.3788779585714
2025-10-31,23.665989733973127,871.4917907490109
2025-11-03,23.788882482913646,899.6251130123684
2025-11-04,23.446887892938328,924.4349440606661
2025-11-05,23.58551269442028,898.5919607864336
2025-11-06,23.475166040600605,898.231197093854
2025-11-07,22.778620271808673,883.3359779470848
2025-11-10,23.243579337006985,882.6281308194191
2025-11-11,22.904120490314156,885.9806209325569
2025-11-12,22.482680187922078,888.3444312852595
2025-11-13,22.591059442762194,909.1678625758879
2025-11-14,23.537523227940454,943.1127944170981
2025-11-17,23.153912801164623,968.0430123658905
2025-11-18,23.717834884306995,997.2522815052237
2025-11-19,23.393542793697605,1010.3009816649981
2025-11-20,23.562669590775617,1030.4132204410644
2025-11-21,23.33969632295191,1053.409335844496
2025-11-24,23.488050744952726,1084.2859718802024
2025-11-25,23.203573329890084,1069.84126431879
2025-11-26,23.722118875187608,1070.9317759799446
2025-11-27,23.740678025020685,1073.6174807181794
2025-11-28,23.29006587004871,1047.699137975258
2025-12-01,23.77621034093335,1061.0447305926357
2025-12-02,24.010534142112448,1062.3315243354616
2025-12-03,23.761715271496495,1041.697403672988
2025-12-04,23.51621186041052,1043.3083759220008
2025-12-05,23.94769583172736,1070.6766852312785
2025-12-08,23.988818802912743,1068.2482279297972
2025-12-09,23.55395264636145,1051.2670491596164
2025-12-10,23.445478999895144,1048.0884946596723
2025-12-11,23.467147987197826,1056.5048240310598
2025-12-12,23.601670605587824,1065.1755727855107
2025-12-15,23.8175880314804,1079.8397876086299
2025-12-16,24.519995135469237,1075.3233480145486
2025-12-17,24.330791040828483,1110.343504536109
2025-12-18,24.085600457560048,1115.8259406976977
2025-12-19,23.81150815949469,1087.1890777583712
2025-12-22,23.885245008779076,1100.9933942857579
2025-12-23,24.016841306959257,1114.9457188637207
2025-12-24,24.241225627554208,1130.3884548057372
2025-12-25,24.444081013847132,1109.4103877251987
2025-12-26,24.375600452374304,1105.4802041163089
2025-12-29,24.14882415796896,1084.8953536468118
2025-12-30,23.96256647260731,1108.4236539718888
2025-12-31,24.006668558034367,1073.4009756855367
2026-01-01,24.444693372791434,1037.234030539772
2026-01-02,24.53256969176169,1014.8846227466863
2026-01-05,24.238438014026933,1014.8345308305048
2026-01-06,23.218620456041034,995.4067780012762
2026-01-07,24.30241662142234,979.655163417219
2026-01-08,24.22497688225208,976.9726336295295
2026-01-09,24.068235821742682,984.4347362204993
2026-01-12,24.349259481417896,980.8685561693396
2026-01-13,23.601254715064158,1004.1280511316274
2026-01-14,23.122796145706957,998.0552814975438
2026-01-15,22.71157662745177,991.7464633247541
2026-01-16,22.691130708834297,1010.1903953991542
2026-01-19,22.739388398360052,1024.934691975586
2026-01-20,22.43374250410966,1018.3785725913896
2026-01-21,21.545329991997193,1004.2166755954012
2026-01-22,21.522423490770418,1018.7853112119037
2026-01-23,21.053579615833872,1015.9158067004272
2026-01-26,21.25970594858032,975.2460332709055
2026-01-27,21.60497532165527,975.6621712945233
2026-01-28,21.194205953405447,984.2597201419574
2026-01-29,21.183008971642895,993.6121908438158
2026-01-30,21.421163589700466,996.9439085548345
2026-02-02,21.168284498418227,992.0499813139758
2026-02-03,21.133800205611536,999.0405267012814
2026-02-04,21.439253017975002,1003.0296790599241
2026-02-05,21.403075868721675,1008.2814513972007
2026-02-06,21.150235286837145,1018.9152817342111
2026-02-09,21.529587193360406,1040.0772686703474
2026-02-10,21.457191376901868,1021.1147170113959
2026-02-11,21.14126417657153,1029.9954902265833
2026-02-12,21.354159624021435,1069.7935655237857
2026-02-13,21.185485617742835,1084.9511000306766
2026-02-16,21.255915455168413,1125.592228565638
2026-02-17,20.330797815085557,1145.7971770026588
2026-02-18,20.11326054165632,1135.5700758551338
2026-02-19,20.71417556975131,1140.9881111043674
2026-02-20,20.865247407496724,1156.795138464575
2026-02-23,20.8364987678707,1133.7246166046887
2026-02-24,20.595866354498835,1137.7949421208928
2026-02-25,20.32063278235472,1166.7958198880522
2026-02-26,20.56999736694254,1142.5589962932384
2026-02-27,21.01612226126037,1145.715835334444
2026-03-02,21.183113565746297,1143.278357616482
2026-03-03,20.51681108717271,1141.8538831119615
2026-03-04,19.786104983892887,1137.9549541448198
2026-03-05,19.347419530735245,1184.923852663061
2026-03-06,19.12164087866345,1218.528326395578
2026-03-09,19.001100654910854,1244.226365324058
2026-03-10,19.074843156543356,1244.293950228228
2026-03-11,18.930206471308562,1196.826560494553
2026-03-12,19.33148177325026,1213.2728070425455
2026-03-13,19.062322871366277,1153.9914583153145
2026-03-16,18.9200345862939,1149.0199811446732
2026-03-17,19.299174811907577,1156.2164814765067
2026-03-18,19.28326170874979,1159.7304370507668
2026-03-19,19.28613294979621,1187.1117751488835
2026-03-20,18.99407497843507,1149.623146245597
2026-03-23,19.10317405627933,1144.7054081796803
2026-03-24,18.952190935402477,1130.2008383331452
2026-03-25,18.592319022081846,1117.5761851453467
2026-03-26,18.916663470879364,1105.210693058679
2026-03-27,18.68897017612832,1080.5817094819163
2026-03-30,18.591579812321964,1081.2286502755064
2026-03-31,18.61822323937509,1101.4850909196555
2026-04-01,18.25547211188442,1072.6403071933987
2026-04-02,18.352576000939784,1036.1039245721263
2026-04-03,18.255005909418728,1024.0855179397875
2026-04-06,17.620977800299173,983.7320893517822
2026-04-07,17.294703998084028,972.1477118376032
2026-04-08,17.179124688386228,972.1531600613371
2026-04-09,17.944728348151553,949.0141549937747
2026-04-10,17.788428761470364,919.3025417625146
2026-04-13,17.94096915226658,927.120456211874
2026-04-14,17.46605551241793,944.5452060991167
2026-04-15,17.30304829260505,945.5342284630553
2026-04-16,17.262669823708876,955.5889862263111
2026-04-17,16.842462505532925,925.7520227380999
2026-04-20,16.969588327779256,927.4124812738025
2026-04-21,17.145834800408835,923.7424982150922
2026-04-22,17.26841212751277,936.4011012413979
2026-04-23,17.854018577865855,923.3970189615633
2026-04-24,18.487667288033247,942.6198244342155
2026-04-27,18.526966275197307,963.6608231365786
2026-04-28,18.563912327791073,968.0268490029828
2026-04-29,18.401061348899773,954.6526786818278
2026-04-30,18.48065122273932,974.8964292813993
2026-05-01,18.836273934305886,993.6579476521836
2026-05-04,18.992151364904657,982.7448309184929
2026-05-05,18.676126329862015,987.9178332336646
2026-05-06,19.13431080279852,994.8798552112631
2026-05-07,18.966381259262462,1019.4872836507317
2026-05-08,19.12392434138151,1017.4505916948777
2026-05-11,19.325097324972607,1035.5824561746608
2026-05-12,18.983290793870673,1017.8860356008329
2026-05-13,19.490342946060288,1022.35841603448
2026-05-14,19.469992705619532,1004.3548795474692
2026-05-15,18.83736773235956,1010.9602876353204
2026-05-18,18.54632254493116,1020.8758833363491
2026-05-19,18.738372857649683,1025.3898648166964
2026-05-20,18.921551876468627,1049.53691845769
2026-05-21,18.656073745560455,1061.590548116993
2026-05-22,19.118542739864655,1056.6802974405523
2026-05-25,18.802453599889596,1060.620211801176
2026-05-26,18.898433720835875,1048.8142986265818
2026-05-27,19.456425947860343,1031.894674952214
2026-05-28,18.954506701855387,1038.2796196525142
2026-05-29,18.802409955821528,1040.0337257525127
2026-06-01,19.238678530505535,1032.4481290070808
2026-06-02,19.424987207531313,992.0684395797019
2026-06-03,19.77615350770573,973.8993231989266
2026-06-04,19.576734528994994,956.3506591691751
2026-06-05,19.551203380869126,947.7361107186138
2026-06-08,20.096419729881642,924.3798430057295
2026-06-09,19.79808641657118,919.9483520281029
2026-06-10,18.64559589287031,917.5701542599764
2026-06-11,18.747484219088104,901.7193924136338
2026-06-12,18.573152157696054,892.7718102759467
2026-06-15,18.509314546106594,904.5259400517245
2026-06-16,18.22498449167793,911.166102632435
2026-06-17,18.263575103769966,903.9340787567494
2026-06-18,18.280235770332332,911.6666950756745
2026-06-19,18.268728604604895,949.4695337556615
2026-06-22,17.706289562359505,970.5894477983445
2026-06-23,17.7799724081235,953.7611295623865
2026-06-24,18.05057736785515,967.6752002211022
2026-06-25,17.60877551121499,939.574546058698
2026-06-26,17.403952513917837,951.8764315143711
2026-06-29,17.81459604007489,928.1184011736176
2026-06-30,18.23551362674827,926.8136945749295
2026-07-01,17.81878443843503,912.1077009346989
2026-07-02,17.73910542862315,899.2302446230276
2026-07-03,17.538951991668775,896.9217232896203
2026-07-06,17.916423531513104,914.7584702457463
2026-07-07,18.06605460658588,886.1666223663364
2026-07-08,17.901031615139217,896.5423398293718
2026-07-09,17.589106093049928,903.7885982003328
2026-07-10,18.12194591993123,893.0773891139404
2026-07-13,17.750907371520114,905.2881872923208
2026-07-14,17.658774826709994,918.8648197766568
2026-07-15,17.831368590570808,935.4708848891514
2026-07-16,18.14591917284658,960.3449147236662
2026-07-17,18.43196395311147,970.7619208607886
2026-07-20,17.8049958401645,965.686785765889
2026-07-21,18.33056295599475,973.2428447101928
2026-07-22,18.285194255423498,968.4861008468013
2026-07-23,17.87867976287964,988.337376001273
2026-07-24,18.04830860159069,995.2115519990701
2026-07-27,18.181175855519253,1007.9661820204788
2026-07-28,18.315085036394848,990.9377370228017
2026-07-29,18.99131446547815,989.9353697782446
2026-07-30,18.585917265859436,1000.6911387812318
2026-07-31,18.567375371149385,1020.9010241942262
2026-08-03,18.552369499630267,985.8020183350839
2026-08-04,18.15115241166614,1003.9866565260963
2026-08-05,17.636265300644865,1022.2882349809062
2026-08-06,17.548091440041674,1013.5865605873344
2026-08-07,17.441533534833134,1021.1541668810721
2026-08-10,17.432417100879807,1002.5437063906462
2026-08-11,17.618442047816828,963.6539135160272
2026-08-12,17.746373450704517,976.9641204839887
2026-08-13,17.245580222933224,980.453273230932
2026-08-14,17.29971005373203,964.2316123573131
2026-08-17,16.990434765520178,981.5775171958746
2026-08-18,17.290412538288695,965.9707957378639
2026-08-19,17.91690875291821,951.5026820173917
2026-08-20,18.084834211133437,953.509603696855
2026-08-21,17.854414721571747,952.9726688675313
2026-08-24,17.901190375545664,945.2063501085817
2026-08-25,18.132216947983565,947.1836988561911
2026-08-26,17.701485173027045,933.7228616099119
2026-08-27,17.351408072031983,898.4790370898305
2026-08-28,17.687077037641508,879.4262001508372
2026-08-31,17.981205113223027,875.2718103230569
